,都道府県名,市町村名,条例名,提案主体,"原案
可決","修正
可決",議決年月日,施行年月日,備考,和暦年,和暦月,jyorei_nendo,jyorei_year,time_pm
0,北海道,旭川市,旭川市地酒の普及の促進に関する条例,議員,○,,25.12.18,25.12.18,,25,12,2013.0,2013,北海道旭川市
1,北海道,芦別市,芦別市再生可能エネルギー利用促進条例,議員,○,,26.3.19,26.4.1,,26,3,2013.0,2014,北海道芦別市
2,北海道,富良野市,富良野市まずはふらのワインで乾杯条例,議員,○,,25.12.13,25.12.13,,25,12,2013.0,2013,北海道富良野市
3,北海道,登別市,登別市中小企業地域経済振興基本条例,議員,○,,25.6.25,25.7.4,,25,6,2013.0,2013,北海道登別市
4,北海道,北広島市,北広島市資源ごみ等持ち去り防止に関する条例,議員,○,,26.2.21,26.11.1,,26,2,2013.0,2014,北海道北広島市
5,北海道,増毛町,増毛町乾杯条例,議員,○,,26.3.13,26.4.1,,26,3,2013.0,2014,北海道増毛町
6,北海道,羽幌町,羽幌町の地域医療を守る条例,委員会,○,,25.6.14,25.6.18,,25,6,2013.0,2013,北海道羽幌町
7,青森県,青森市,青森市中小企業振興基本条例,議員,○,,24.6.26,24.6.26,,24,6,2012.0,2012,青森県青森市
8,岩手県,盛岡市,盛岡市地元酒等による乾杯の推進に関する条例,議員,○,,26.3.13,26.3.13,,26,3,2013.0,2014,岩手県盛岡市
9,宮城県,仙台市,仙台市空き家等の適正管理に関する条例,議員,○,,25.12.17,26.4.1,,25,12,2013.0,2013,宮城県仙台市
10,宮城県,白石市,"うーめん
奥州白石温面振興条例",議員,○,,26.3.3,26.3.3,,26,3,2013.0,2014,宮城県白石市
11,秋田県,秋田市,秋田市民の心といのちを守る自殺対策条例,議員,○,,25.9.30,26.4.1,,25,9,2013.0,2013,秋田県秋田市
12,秋田県,横手市,"横手市「スポーツ立市よこて」でまちを元気にす
る条例",議員,○,,25.3.21,25.3.22,,25,3,2012.0,2013,秋田県横手市
13,秋田県,大館市,秋田杉の器で地酒による乾杯を推進する条例,議員,○,,26.2.25,26.3.17,,26,2,2013.0,2014,秋田県大館市
14,山形県,山形市,山形市日本酒で乾杯を推進する条例,委員会,○,,26.2.27,26.2.27,,26,2,2013.0,2014,山形県山形市
15,山形県,寒河江市,さがえ産の酒で乾杯を推進する条例,議員,○,,26.3.7,26.3.19,,26,3,2013.0,2014,山形県寒河江市
16,山形県,上山市,かみのやま産のワインによる乾杯を推進する条例,議員,○,,26.3.17,26.3.17,,26,3,2013.0,2014,山形県上山市
17,山形県,村山市,村山市交通安全条例（改正）,議員,○,,24.12.14,24.12.25,,24,12,2012.0,2012,山形県村山市
18,山形県,天童市,天童市地元産酒等による乾杯を推進する条例,委員会,○,,26.3.20,26.3.24,,26,3,2013.0,2014,山形県天童市
19,山形県,河北町,河北町の日本酒による乾杯を推進する条例,委員会,○,,26.3.14,26.4.1,,26,3,2013.0,2014,山形県河北町
20,山形県,川西町,川西町地酒による乾杯を推進する条例,議員,○,,26.3.19,26.4.1,,26,3,2013.0,2014,山形県川西町
21,福島県,天栄村,天栄村清酒で乾杯を促進する条例,議員,○,,25.12.12,25.12.30,,25,12,2013.0,2013,福島県天栄村
22,福島県,南会津町,南会津町乾杯条例,委員会,○,,25.6.21,25.6.21,,25,6,2013.0,2013,福島県南会津町
23,福島県,南会津町,南会津町乾杯条例（改正）,委員会,○,,26.3.14,26.3.14,,26,3,2013.0,2014,福島県南会津町
24,福島県,金山町,名古屋市歯と口腔の健康づくり推進条例,議員,○,,25.3.22,25.3.29,,25,3,2012.0,2013,福島県金山町
25,福島県,金山町,名古屋市児童を虐待から守る条例,議員,○,,25.3.22,25.4.1,,25,3,2012.0,2013,福島県金山町
26,福島県,西郷村,村長等の給与及び旅費に関する条例（改正）,議員,○,,25.3.19,25.4.1,,25,3,2012.0,2013,福島県西郷村
27,福島県,西郷村,西郷村子ども診療所等誘致条例,委員会,○,,25.6.21,25.7.5,,25,6,2013.0,2013,福島県西郷村
28,福島県,西郷村,"西郷村放射能障害防止のための環境保全に関する
条例",議員,○,,25.6.21,25.7.5,,25,6,2013.0,2013,福島県西郷村
29,福島県,西郷村,村長等の給与及び旅費に関する条例（改正）,議員,○,,26.3.24,26.3.28,,26,3,2013.0,2014,福島県西郷村
30,茨城県,水戸市,水戸市地元酒等による乾杯の推進に関する条例,議員,○,,26.3.19,26.4.1,,26,3,2013.0,2014,茨城県水戸市
31,茨城県,日立市,日立市歯と口腔の健康づくり8020・6424推進条例,議員,○,,25.3.28,25.4.1,,25,3,2012.0,2013,茨城県日立市
32,茨城県,石岡市,「石岡の地酒」で乾杯を推進する条例,委員会,○,,26.3.20,26.3.20,,26,3,2013.0,2014,茨城県石岡市
33,茨城県,常総市,常総市文化芸術振興条例,議員,,○,24.6.12,25.4.1,,24,6,2012.0,2012,茨城県常総市
34,茨城県,笠間市,笠間市地酒を笠間焼で乾杯する条例,委員会,○,,25.12.19,25.12.19,,25,12,2013.0,2013,茨城県笠間市
35,栃木県,鹿沼市,鹿沼市歯と口腔の健康づくり推進条例,議員,○,,25.3.19,25.4.1,,25,3,2012.0,2013,栃木県鹿沼市
36,栃木県,大田原市,大田原市地酒の普及の促進に関する条例,議員,○,,25.12.19,26.1.1,,25,12,2013.0,2013,栃木県大田原市
37,栃木県,矢板市,矢板市産の飲料の普及促進に関する条例,議員,○,,26.3.20,26.4.1,,26,3,2013.0,2014,栃木県矢板市
38,群馬県,みなかみ町,みなかみ町アウトドアスポ－ツ振興条例,議員,○,,24.9.4,25.4.1,,24,9,2012.0,2012,群馬県みなかみ町
39,群馬県,邑楽町,"邑楽町長、副町長及び教育長の給与の特例に関す
る条例（改正）",議員,○,,26.3.19,26.3.19,,26,3,2013.0,2014,群馬県邑楽町
40,埼玉県,さいたま市,"さいたま市自治会等の振興を通じた地域社会の活
性化の推進に関する条例",議員,,○,24.5.2,24.5.2,,24,5,2012.0,2012,埼玉県さいたま市
41,埼玉県,さいたま市,さいたま市空き家等の適正管理に関する条例,議員,○,,24.6.29,25.1.1,,24,6,2012.0,2012,埼玉県さいたま市
42,埼玉県,さいたま市,さいたま市都市農業の振興に関する条例,議員,○,,24.12.21,24.12.27,,24,12,2012.0,2012,埼玉県さいたま市
43,埼玉県,さいたま市,さいたま市歯科口腔保健の推進に関する条例,議員,○,,24.12.21,25.4.1,,24,12,2012.0,2012,埼玉県さいたま市
44,埼玉県,さいたま市,"さいたま市地域経済活性化・雇用創出臨時交付金
基金条例",議員,○,,25.3.14,25.4.1,,25,3,2012.0,2013,埼玉県さいたま市
45,埼玉県,さいたま市,"さいたま市被保護者等住居・生活・金銭管理サー
ビス提供事業の業務の適正化等に関する条例",委員会,○,,25.7.5,25.10.1,,25,7,2013.0,2013,埼玉県さいたま市
46,埼玉県,さいたま市,さいたま市老人憩いの家条例（改正）,委員会,○,,26.3.20,26.4.1,,26,3,2013.0,2014,埼玉県さいたま市
47,埼玉県,熊谷市,熊谷市市民の歯と口の健康づくりを推進する条例,議員,○,,25.9.24,25.10.1,,25,9,2013.0,2013,埼玉県熊谷市
48,埼玉県,秩父市,秩父市乾杯条例,議員,○,,25.9.18,25.9.19,,25,9,2013.0,2013,埼玉県秩父市
49,埼玉県,所沢市,所沢市歯科口腔保健の推進に関する条例,委員会,○,,26.3.29,26.4.1,,26,3,2013.0,2014,埼玉県所沢市
50,埼玉県,鴻巣市,鴻巣市歯科口腔保険の推進に関する条例,議員,○,,25.12.5,26.1.1,,25,12,2013.0,2013,埼玉県鴻巣市
51,埼玉県,上尾市,上尾市歯科口腔保健の推進に関する条例,議員,,○,24.9.14,24.9.25,,24,9,2012.0,2012,埼玉県上尾市
52,埼玉県,戸田市,戸田市みんなで守ろう自転車の安全利用条例,委員会,○,,24.11.27,24.12.3,,24,11,2012.0,2012,埼玉県戸田市
53,埼玉県,戸田市,戸田市歯科口腔保健の推進に関する条例,委員会,○,,26.3.12,26.3.25,,26,3,2013.0,2014,埼玉県戸田市
54,埼玉県,吉川市,吉川市歯科口腔保健の推進に関する条例,議員,○,,25.3.21,26.4.1,,25,3,2012.0,2013,埼玉県吉川市
55,埼玉県,小鹿野町,小鹿野町立学校設置条例（改正）,議員,○,,26.3.19,（28.4.1）,,26,3,2013.0,2014,埼玉県小鹿野町
56,千葉県,千葉市,"千葉市墓地等の経営の許可等に関する条例（改
正）",委員会,○,,25.3.15,25.4.1,,25,3,2012.0,2013,千葉県千葉市
57,千葉県,柏市,柏市児童虐待及びいじめ防止条例,委員会,○,,25.6.27,26.4.1,,25,6,2013.0,2013,千葉県柏市
58,千葉県,鎌ケ谷市,鎌ケ谷市空き家等の適正管理に関する条例,委員会,○,,25.3.29,25.10.1,,25,3,2012.0,2013,千葉県鎌ケ谷市
59,千葉県,四街道市,"四街道市墓地等の経営の許可等に関する条例(改
正)",議員,○,,25.12.18,26.1.1,,25,12,2013.0,2013,千葉県四街道市
60,千葉県,印西市,印西市自転車の安全・安心に関する条例,議員,○,,24.10.3,25.4.1,,24,10,2012.0,2012,千葉県印西市
61,東京都,中野区,中野区障害者福祉手当条例（改正）,委員会,,○,25.3.21,25.8.1,,25,3,2012.0,2013,東京都中野区
62,東京都,小金井市,小金井市アスベスト飛散防止条例,議員,○,,25.3.6,26.12.1,,25,3,2012.0,2013,東京都小金井市
63,東京都,小金井市,小金井市食育推進基本条例,議員,○,,25.3.7,25.9.6,,25,3,2012.0,2013,東京都小金井市
64,東京都,小金井市,特別職の給与に関する条例（改正）,議員,○,,26.3.24,26.4.1,,26,3,2013.0,2014,東京都小金井市
65,東京都,日野市,日野市がん対策推進基本条例,議員,○,,24.9.28,24.11.1,,24,9,2012.0,2012,東京都日野市
66,東京都,新島村,新島村ポイ捨て及びふん害の防止に関する条例,議員,○,,26.3.26,26.7.1,,26,3,2013.0,2014,東京都新島村
67,神奈川県,横浜市,"横浜市廃棄物等の減量化、資源化及び適正処理等
に関する条例（改正）",委員会,○,,24.5.31,25.4.1,,24,5,2012.0,2012,神奈川県横浜市
68,神奈川県,横浜市,横浜市市民活動推進条例（改正）,議員,○,,24.6.21,25.4.1,,24,6,2012.0,2012,神奈川県横浜市
69,神奈川県,横浜市,"横浜市災害時における自助及び共助の推進に関す
る条例",議員,○,,25.5.30,25.6.5,,25,5,2013.0,2013,神奈川県横浜市
70,神奈川県,横浜市,横浜市民の読書活動の推進に関する条例,委員会,,○,25.5.30,26.4.1,,25,5,2013.0,2013,神奈川県横浜市
71,神奈川県,横浜市,理容師法施行条例及び美容師法施行条例（改正）,議員,○,,26.3.25,26.10.1,,26,3,2013.0,2014,神奈川県横浜市
72,神奈川県,川崎市,川崎市子どもを虐待から守る条例の制定について,議員,○,,24.10.3,25.4.1,,24,10,2012.0,2012,神奈川県川崎市
73,神奈川県,川崎市,"川崎市自殺対策の推進に関する条例の制定につい
て",委員会,○,,25.12.18,26.4.1,,25,12,2013.0,2013,神奈川県川崎市
74,神奈川県,相模原市,相模原市自殺対策基本条例,委員会,○,,25.3.22,25.4.1,,25,3,2012.0,2013,神奈川県相模原市
75,神奈川県,相模原市,相模原市がんばる中小企業を応援する条例,議員,,○,25.9.30,26.4.1,,25,9,2013.0,2013,神奈川県相模原市
76,神奈川県,相模原市,相模原市いじめの防止等に関する条例,委員会,○,,26.2.28,26.4.1,,26,2,2013.0,2014,神奈川県相模原市
77,神奈川県,横須賀市,横須賀市空き家等の適正管理に関する条例,議員,○,,24.6.26,24.10.1,,24,6,2012.0,2012,神奈川県横須賀市
78,神奈川県,横須賀市,横須賀市地域で支える条例,議員,○,,25.12.12,26.4.1,,25,12,2013.0,2013,神奈川県横須賀市
79,神奈川県,鎌倉市,"鎌倉市省エネルギーの推進及び再生可能エネル
ギー導入の促進に関する条例の制定について",議員,○,,24.6.15,24.7.9,,24,6,2012.0,2012,神奈川県鎌倉市
80,神奈川県,小田原市,"都市計画法に基づく市街化調整区域における開発
許可等の基準に関する条例（改正）",議員,○,,24.9.18,24.9.25,,24,9,2012.0,2012,神奈川県小田原市
81,神奈川県,逗子市,"安全で快適な逗子海水浴場の確保に関する条例
（改正）",議員,○,,24.6.26,24.7.5,,24,6,2012.0,2012,神奈川県逗子市
82,神奈川県,逗子市,逗子市市民災害見舞金支給条例（改正）,議員,○,,25.10.1,25.10.15,,25,10,2013.0,2013,神奈川県逗子市
83,神奈川県,逗子市,逗子市空き家等の適正管理に関する条例,議員,,○,25.10.1,26.4.1,,25,10,2013.0,2013,神奈川県逗子市
84,神奈川県,逗子市,逗子市営駐車場条例（改正）,議員,○,,25.12.6,26.4.1,,25,12,2013.0,2013,神奈川県逗子市
85,神奈川県,大和市,大和市商業振興条例,議員,○,,24.12.21,25.4.1,,24,12,2012.0,2012,神奈川県大和市
86,神奈川県,葉山町,葉山町小児の医療費の助成に関する条例,議員,,○,24.6.26,24.10.1,,24,6,2012.0,2012,神奈川県葉山町
87,新潟県,長岡市,食育基本条例,議員,○,,26.3.27,26.4.1,,26,3,2013.0,2014,新潟県長岡市
88,新潟県,柏崎市,柏崎市食の地産地消推進条例,議員,○,,24.6.21,24.10.1,,24,6,2012.0,2012,新潟県柏崎市
89,新潟県,上越市,上越市自治基本条例（改正）,議員,○,,25.9.30,25.9.30,,25,9,2013.0,2013,新潟県上越市
90,新潟県,南魚沼市,南魚沼市コシヒカリの普及促進に関する条例,議員,○,,25.9.19,25.10.10,,25,9,2013.0,2013,新潟県南魚沼市
91,石川県,金沢市,金沢の食文化の継承及び振興に関する条例,議員,○,,25.9.24,25.10.1,,25,9,2013.0,2013,石川県金沢市
92,石川県,加賀市,"加賀市ポイ捨て等のない美しいまちづくりの推進
に関する条例",議員,○,,24.12.17,"25.1.1
(一部
25.4.1施
行）",,24,12,2012.0,2012,石川県加賀市
93,石川県,加賀市,加賀市生活環境保全条例（改正）,議員,○,,24.12.17,25.4.1,,24,12,2012.0,2012,石川県加賀市
94,福井県,大野市,大野市空き家等の適正管理に関する条例,議員,○,,24.9.20,25.4.1,,24,9,2012.0,2012,福井県大野市
95,長野県,飯田市,飯田市自治基本条例（改正）,議員,○,,25.3.22,25.3.25,,25,3,2012.0,2013,長野県飯田市
96,長野県,安曇野市,安曇野市福祉基金条例（改正）,議員,○,,25.9.17,25.9.25,,25,9,2013.0,2013,長野県安曇野市
97,長野県,軽井沢町,"軽井沢町の長期継続契約を締結することができる
契約を定める条例（改正）",委員会,○,,24.9.27,24.9.28,,24,9,2012.0,2012,長野県軽井沢町
98,長野県,宮田村,宮田村みやだワインで乾杯条例,議員,○,,26.3.17,26.3.17,,26,3,2013.0,2014,長野県宮田村
99,長野県,信濃町,信濃町住民投票条例,議員,○,,24.9.25,24.9.27,,24,9,2012.0,2012,長野県信濃町
100,岐阜県,多治見市,多治見市民の歯と口腔の健康づくり推進条例,委員会,○,,25.3.22,25.4.1,,25,3,2012.0,2013,岐阜県多治見市
101,岐阜県,北方町,福祉医療費助成に関する条例（改正）,委員会,○,,25.12.13,26.4.1,,25,12,2013.0,2013,岐阜県北方町
102,愛知県,名古屋市,名古屋市歯と口腔の健康づくり推進条例,議員,○,,25.3.22,25.3.29,,25,3,2012.0,2013,愛知県名古屋市
103,愛知県,名古屋市,名古屋市児童を虐待から守る条例,議員,○,,25.3.22,25.4.1,,25,3,2012.0,2013,愛知県名古屋市
104,愛知県,名古屋市,名古屋市空家等対策の推進に関する条例,議員,○,,26.3.19,"26.4.1
(一部
26.7.1)",,26,3,2013.0,2014,愛知県名古屋市
105,愛知県,岡崎市,岡崎市防災基本条例,委員会,○,,24.10.2,24.10.4,,24,10,2012.0,2012,愛知県岡崎市
106,愛知県,半田市,半田市知多酒で乾杯を推進する条例,議員,○,,25.10.2,25.10.2,,25,10,2013.0,2013,愛知県半田市
107,愛知県,豊田市,"豊田市再生可能エネルギーの導入の推進に関する
条例",議員,○,,26.3.19,26.3.25,,26,3,2013.0,2014,愛知県豊田市
108,愛知県,常滑市,"常滑焼の器に注いだ地酒による乾杯を推進する条
例の制定について",議員,○,,25.9.13,25.9.13,,25,9,2013.0,2013,愛知県常滑市
109,愛知県,南知多町,"南知多もぎたてみかん酒及び知多産の日本酒で乾
杯を推進する条例",議員,○,,26.3.19,26.3.20,,26,3,2013.0,2014,愛知県南知多町
110,三重県,四日市市,四日市市観光大使設置条例,議員,,○,24.9.20,24.9.20,,24,9,2012.0,2012,三重県四日市市
111,三重県,名張市,名張市ばりばり食育条例,議員,○,,25.9.30,25.10.2,,25,9,2013.0,2013,三重県名張市
112,三重県,名張市,伊賀名張の酒・名酒で乾杯を推進する条例,議員,○,,25.12.4,25.12.4,,25,12,2013.0,2013,三重県名張市
113,三重県,いなべ市,いなべ市みんなで支え合う災害対策基本条例,議員,○,,25.6.21,25.6.27,,25,6,2013.0,2013,三重県いなべ市
114,三重県,伊賀市,伊賀市乾杯条例,議員,○,,25.12.25,25.12.27,,25,12,2013.0,2013,三重県伊賀市
115,三重県,伊賀市,"伊賀市の出資法人への関わり方の基本的事項を定
める条例",委員会,○,,26.3.25,26.4.1,,26,3,2013.0,2014,三重県伊賀市
116,三重県,伊賀市,伊賀市補助金等適正化条例,委員会,○,,26.3.25,26.4.1,,26,3,2013.0,2014,三重県伊賀市
117,三重県,伊賀市,"伊賀市公の施設に係る指定管理者の指定手続等に
関する条例（改正）",委員会,○,,26.3.25,26.4.1,,26,3,2013.0,2014,三重県伊賀市
118,三重県,菰野町,菰野町福祉医療費の助成に関する条例（改正）,委員会,○,,24.6.26,24.9.1,,24,6,2012.0,2012,三重県菰野町
119,滋賀県,大津市,大津市子どものいじめの防止に関する条例,議員,○,,25.2.19,25.4.1,,25,2,2012.0,2013,滋賀県大津市
120,滋賀県,近江八幡市,近江八幡市スポーツ推進条例,議員,○,,25.3.21,25.4.1,,25,3,2012.0,2013,滋賀県近江八幡市
121,滋賀県,野洲市,野洲市空き家の適正管理に関する条例,委員会,○,,24.12.14,25.4.1,,24,12,2012.0,2012,滋賀県野洲市
122,滋賀県,豊郷町,豊郷町簡易水道給水条例（改正）,議員,,○,25.12.18,26.4.1,,25,12,2013.0,2013,滋賀県豊郷町
123,京都府,京都市,京都市清酒の普及の促進に関する条例,議員,,○,24.12.26,25.1.15,,24,12,2012.0,2012,京都府京都市
124,京都府,京都市,京都市交通安全基本条例,議員,○,,25.5.28,25.7.1,,25,5,2013.0,2013,京都府京都市
125,京都府,宇治市,宇治市自転車の安全な利用を促進する条例,委員会,○,,25.1.29,25.4.1,,25,1,2012.0,2013,京都府宇治市
126,京都府,宇治市,"宇治市民間集会所環境整備事業費補助金の交付に
関する条例",議員,○,,25.3.28,25.4.1,,25,3,2012.0,2013,京都府宇治市
127,京都府,亀岡市,亀岡市暴力団排除条例,委員会,○,,24.6.18,25.4.1,,24,6,2012.0,2012,京都府亀岡市
128,京都府,与謝野町,与謝野町地酒の普及の促進に関する条例,委員会,○,,25.6.20,25.6.20,,25,6,2013.0,2013,京都府与謝野町
129,大阪府,堺市,堺市がん対策推進条例,議員,○,,24.9.27,25.1.1,,24,9,2012.0,2012,大阪府堺市
130,大阪府,吹田市,"吹田市長の給料及び期末手当の特例に関する条例
(改正)",委員会,○,,25.9.26,25.10.1,,25,9,2013.0,2013,大阪府吹田市
131,大阪府,大東市,大東市マナー条例,委員会,○,,25.3.25,25.10.1,,25,3,2012.0,2013,大阪府大東市
132,大阪府,羽曳野市,"羽曳野市乳幼児等の医療費の助成に関する条例
(改正）",議員,○,,25.12.25,26.7.1,,25,12,2013.0,2013,大阪府羽曳野市
133,大阪府,千早赤阪村,千早赤阪村防犯まちづくり条例,議員,○,,26.3.24,26.4.1,,26,3,2013.0,2014,大阪府千早赤阪村
134,兵庫県,神戸市,"神戸市における災害時の要援護者への支援に関す
る条例",議員,○,,25.2.25,25.4.1,,25,2,2012.0,2013,兵庫県神戸市
135,兵庫県,神戸市,神戸市がん対策推進条例,議員,○,,26.3.27,26.4.1,,26,3,2013.0,2014,兵庫県神戸市
136,兵庫県,姫路市,"姫路市日本酒の振興及び日本酒を活用した地域観
光の促進による地域の活性化に関する条例",委員会,○,,25.10.3,25.10.4,,25,10,2013.0,2013,兵庫県姫路市
137,兵庫県,尼崎市,国旗の掲揚に関する条例,議員,,○,24.6.26,24.7.6,,24,6,2012.0,2012,兵庫県尼崎市
138,兵庫県,尼崎市,動物愛護基金条例,議員,○,,24.6.26,24.11.1,,24,6,2012.0,2012,兵庫県尼崎市
139,兵庫県,明石市,"明石市教育環境保全のためのラブホテル、パチン
コ店及びゲームセンターの建築等の規制に関する
条例（改正）",議員,○,,25.3.14,25.4.1,,25,3,2012.0,2013,兵庫県明石市
140,兵庫県,明石市,"明石市の伝統産業である清酒による乾杯の普及の
促進に関する条例制定のこと",議員,○,,25.9.12,25.11.1,,25,9,2013.0,2013,兵庫県明石市
141,兵庫県,伊丹市,"清酒発祥の地伊丹の清酒の普及の促進に関する条
例",議員,○,,25.9.26,25.10.1,,25,9,2013.0,2013,兵庫県伊丹市
142,兵庫県,三木市,三木市日本酒による乾杯を推進する条例,議員,○,,25.6.21,25.6.24,,25,6,2013.0,2013,兵庫県三木市
143,兵庫県,丹波市,"地方自治法の一部を改正する法律の施行に伴う関
係条例の整理に関する条例",委員会,○,,25.2.25,25.3.1,,25,2,2012.0,2013,兵庫県丹波市
144,兵庫県,宍粟市,"日本酒発祥の地宍粟市日本酒文化の普及の促進に
関する条例",議員,○,,25.12.16,26.1.1,,25,12,2013.0,2013,兵庫県宍粟市
145,兵庫県,加東市,加東市日本酒による乾杯を推進する条例,委員会,○,,25.6.3,25.6.6,,25,6,2013.0,2013,兵庫県加東市
146,兵庫県,上郡町,上郡町ホタル条例,議員,○,,25.6.10,25.6.10,,25,6,2013.0,2013,兵庫県上郡町
147,兵庫県,香美町,香美町今日の良き日、日本酒で乾杯条例,議員,○,,25.12.18,26.1.1,,25,12,2013.0,2013,兵庫県香美町
148,兵庫県,香美町,香美町魚食の普及の促進に関する条例,議員,○,,26.2.28,26.4.1,,26,2,2013.0,2014,兵庫県香美町
149,兵庫県,新温泉町,新温泉町日本酒の普及の促進に関する条例,議員,○,,25.9.26,25.10.1,,25,9,2013.0,2013,兵庫県新温泉町
150,奈良県,奈良市,奈良市個人情報保護条例（一部改正）,議員,○,,24.12.18,25.4.1,,24,12,2012.0,2012,奈良県奈良市
151,奈良県,奈良市,奈良市実費弁償条例（一部改正）,議員,○,,24.12.18,25.3.1,,24,12,2012.0,2012,奈良県奈良市
152,奈良県,奈良市,"奈良市カラスによる被害の防止及び良好な生活環
境を守る条例",議員,,○,25.6.5,25.10.1,,25,6,2013.0,2013,奈良県奈良市
153,奈良県,奈良市,奈良市清酒の普及の促進に関する条例,議員,○,,25.12.3,25.12.4,,25,12,2013.0,2013,奈良県奈良市
154,奈良県,吉野町,吉野町をきれいにする条例（改正）,議員,○,,25.6.10,25.6.12,,25,6,2013.0,2013,奈良県吉野町
155,和歌山県,和歌山市,和歌山市みんなでとりくむ災害対策基本条例,議員,○,,25.3.25,25.4.1,,25,3,2012.0,2013,和歌山県和歌山市
156,和歌山県,海南市,海南市地酒で乾杯を推進する条例,議員,○,,25.10.2,25.10.2,,25,10,2013.0,2013,和歌山県海南市
157,和歌山県,田辺市,"田辺市紀州梅酒による乾杯及び梅干しの普及に関
する条例",議員,○,,25.12.2,25.12.2,,25,12,2013.0,2013,和歌山県田辺市
158,和歌山県,日高川町,日高川町育英奨学基金条例,議員,○,,24.6.21,25.1.1,,24,6,2012.0,2012,和歌山県日高川町
159,鳥取県,鳥取市,鳥取市防災の日を定める条例,議員,○,,25.12.3,25.12.5,,25,12,2013.0,2013,鳥取県鳥取市
160,鳥取県,八頭町,"八頭町民間企業の宅地造成事業に伴う補助金交付
条例",議員,○,,24.6.25,24.6.25,,24,6,2012.0,2012,鳥取県八頭町
161,島根県,浜田市,"浜田市市政に係る重要な事項の議決等に関する条
例（改正）",議員,○,,26.3.7,26.4.1,,26,3,2013.0,2014,島根県浜田市
162,島根県,邑南町,邑南町地酒による乾杯を推進する条例,委員会,○,,25.12.13,26.1.1,,25,12,2013.0,2013,島根県邑南町
163,島根県,津和野町,地酒で乾杯を推進する条例,議員,○,,25.12.19,25.12.19,,25,12,2013.0,2013,島根県津和野町
164,島根県,隠岐の島町,隠岐産清酒による乾杯を推進する条例,委員会,○,,26.3.13,26.3.24,,26,3,2013.0,2014,島根県隠岐の島町
165,岡山県,岡山市,岡山市歯と口腔の健康づくり条例,議員,○,,24.9.27,24.9.28,,24,9,2012.0,2012,岡山県岡山市
166,岡山県,倉敷市,倉敷市空き家等の適正管理に関する条例,議員,○,,24.12.14,25.4.1,,24,12,2012.0,2012,岡山県倉敷市
167,岡山県,高梁市,高梁市産の清酒の普及促進に関する条例,議員,○,,25.12.24,25.12.25,,25,12,2013.0,2013,岡山県高梁市
168,岡山県,瀬戸内市,瀬戸内市がん対策推進条例,議員,○,,25.3.5,25.4.1,,25,3,2012.0,2013,岡山県瀬戸内市
169,岡山県,赤磐市,赤磐市の地酒で乾杯を推進する条例,議員,○,,25.12.19,25.12.19,,25,12,2013.0,2013,岡山県赤磐市
170,岡山県,真庭市,真庭市の地酒で乾杯を推進する条例,議員,○,,25.9.24,25.9.24,,25,9,2013.0,2013,岡山県真庭市
171,岡山県,浅口市,浅口市地酒の普及を促進する条例,委員会,○,,26.3.12,26.3.17,,26,3,2013.0,2014,岡山県浅口市
172,広島県,呉市,呉市空き家等の適正管理に関する条例,議員,○,,25.6.10,26.1.1,,25,6,2013.0,2013,広島県呉市
173,広島県,東広島市,東広島市日本酒の普及の促進に関する条例,委員会,○,,25.6.7,25.7.1,,25,6,2013.0,2013,広島県東広島市
174,広島県,海田町,"海田町庁舎建設場所について町民の意思を問う住
民投票条例",議員,○,,25.12.4,25.12.13,,25,12,2013.0,2013,広島県海田町
175,広島県,北広島町,北広島町の地酒で乾杯を推進する条例,議員,○,,26.3.19,26.4.1,,26,3,2013.0,2014,広島県北広島町
176,山口県,山口市,山口市元気いきいき条例,議員,○,,24.12.20,25.4.1,,24,12,2012.0,2012,山口県山口市
177,山口県,萩市,萩市活力のある地域産業をつくる条例,議員,○,,24.12.19,25.4.1,,24,12,2012.0,2012,山口県萩市
178,山口県,岩国市,岩国市中山間地域振興施策基本条例,議員,○,,25.6.21,25.6.24,,25,6,2013.0,2013,山口県岩国市
179,山口県,周防大島町,周防大島町空き家等の適正管理に関する条例,議員,○,,24.9.19,25.4.1,,24,9,2012.0,2012,山口県周防大島町
180,徳島県,三好市,三好市地酒で乾杯を推進する条例,議員,○,,25.10.16,25.10.21,,25,10,2013.0,2013,徳島県三好市
181,徳島県,つるぎ町,名誉町民条例,議員,○,,25.3.19,25.3.19,,25,3,2012.0,2013,徳島県つるぎ町
182,香川県,善通寺市,"善通寺市廃棄物の処理及び資源の有効利用に関す
る条例",議員,○,,25.12.17,26.4.1,,25,12,2013.0,2013,香川県善通寺市
183,香川県,琴平町,琴平町情報公開条例（改正）,議員,○,,25.12.12,26.4.1,,25,12,2013.0,2013,香川県琴平町
184,愛媛県,松山市,松山市自殺対策基本条例,議員,,○,24.9.28,25.4.1,,24,9,2012.0,2012,愛媛県松山市
185,高知県,土佐清水市,土佐清水市再生可能エネルギー基本条例,議員,,○,25.3.22,25.3.27,,25,3,2012.0,2013,高知県土佐清水市
186,高知県,大豊町,大豊町ゆたかな森づくり条例,委員会,○,,26.3.18,26.4.1,,26,3,2013.0,2014,高知県大豊町
187,福岡県,北九州市,北九州市商店街の活性化に関する条例,委員会,○,,25.10.8,25.11.1,,25,10,2013.0,2013,福岡県北九州市
188,福岡県,福岡市,"福岡市空き家の倒壊等による被害の防止に関する
条例",議員,○,,25.9.25,26.4.1,,25,9,2013.0,2013,福岡県福岡市
189,福岡県,古賀市,古賀市深夜花火規制条例,議員,○,,25.6.19,25.6.26,,25,6,2013.0,2013,福岡県古賀市
190,福岡県,嘉麻市,嘉麻市市役所の位置を定める条例（改正）,議員,○,,24.12.18,"規則で定め
る日（未
定）",,24,12,2012.0,2012,福岡県嘉麻市
191,福岡県,篠栗町,"篠栗町携帯電話中継基地局の設置に関する条例
（廃止）",議員,○,,24.12.17,24.12.17,,24,12,2012.0,2012,福岡県篠栗町
192,佐賀県,多久市,多久市空き家等の適正管理に関する条例,議員,○,,24.6.26,24.10.1,,24,6,2012.0,2012,佐賀県多久市
193,佐賀県,鹿島市,鹿島市日本酒で乾杯を推進する条例,議員,○,,26.3.25,26.3.28,,26,3,2013.0,2014,佐賀県鹿島市
194,佐賀県,有田町,有田焼の酒器による乾杯を促進する条例,議員,○,,25.12.20,25.12.20,,25,12,2013.0,2013,佐賀県有田町
195,熊本県,熊本市,熊本市中小企業振興基本条例,議員,○,,24.12.25,25.4.1,,24,12,2012.0,2012,熊本県熊本市
196,熊本県,氷川町,氷川町文化財保護条例（改正）,議員,○,,25.3.19,25.4.1,,25,3,2012.0,2013,熊本県氷川町
197,熊本県,多良木町,多良木町焼酎による乾杯を推進する条例,議員,○,,25.8.6,25.8.6,,25,8,2013.0,2013,熊本県多良木町
198,大分県,大分市,"大分市行政に係る基本的な計画の議決に関する条
例（改正）",議員,○,,24.12.17,24.12.17,,24,12,2012.0,2012,大分県大分市
199,大分県,佐伯市,佐伯市空き家等の適正な管理に関する条例,議員,○,,24.12.21,24.12.28,,24,12,2012.0,2012,大分県佐伯市
200,大分県,日出町,日出町水道水源保護条例,委員会,○,,25.12.20,26.4.1,,25,12,2013.0,2013,大分県日出町
201,宮崎県,宮崎市,宮崎市深夜における花火の規制に関する条例,議員,○,,26.3.18,26.4.1,"条例中の罰
則規定は
H26.10.1よ
り施行",26,3,2013.0,2014,宮崎県宮崎市
202,宮崎県,日南市,"飫肥杉等の地域材利用の促進及び豊かな森づくり
に関する条例",議員,○,,25.2.25,25.4.1,,25,2,2012.0,2013,宮崎県日南市
203,宮崎県,日南市,日南市の地元本格焼酎による乾杯を推進する条例,議員,○,,25.7.17,25.7.18,,25,7,2013.0,2013,宮崎県日南市
204,宮崎県,都農町,都農ワインで乾杯を促進する条例,議員,○,,26.3.18,26.3.18,,26,3,2013.0,2014,宮崎県都農町
205,鹿児島県,奄美市,奄美市黒糖焼酎による乾杯を推進する条例,議員,○,,25.10.8,25.10.9,,25,10,2013.0,2013,鹿児島県奄美市
206,鹿児島県,南大隅町,"南大隅町放射性物質等受入拒否及び原子力関連施
設の立地拒否に関する条例",委員会,○,,24.12.21,24.12.25,,24,12,2012.0,2012,鹿児島県南大隅町
207,鹿児島県,喜界町,喜界町黒糖焼酎による乾杯を推進する条例,議員,○,,26.3.25,26.3.26,,26,3,2013.0,2014,鹿児島県喜界町
208,北海道,札幌市,"映像の力により世界が憧れるまちさっぽろを実現
するための条例",議員,○,,H26.5.30,H26.5.30,,26,5,2014.0,2014,北海道札幌市
209,北海道,小樽市,小樽市住宅エコリフォームの促進に関する条例,委員会,○,,H26.12.25,H27.4.1,,26,12,2014.0,2014,北海道小樽市
210,北海道,名寄市,名寄市みんなを結ぶ手話条例,議員,○,,H27.3.23,H27.3.23,,27,3,2014.0,2015,北海道名寄市
211,北海道,砂川市,砂川市飲酒運転撲滅に関する条例,議員,○,,H27.12.7,H27.12.7,,27,12,2015.0,2015,北海道砂川市
212,北海道,恵庭市,恵庭市スポーツ振興まちづくり条例,議員,○,,H26.11.28,H26.11.28,,26,11,2014.0,2014,北海道恵庭市
213,北海道,伊達市,伊達市がん対策推進条例,議員,○,,H27.12.11,H28.4.1,,27,12,2015.0,2015,北海道伊達市
214,北海道,江差町,江差追分会館条例の一部を改正する条例,議員,,○,H27.6.10,H27.7.1,,27,6,2015.0,2015,北海道江差町
215,北海道,江差町,江差追分会館条例の一部を改正する条例,議員,○,,H27.6.25,H27.12.1,,27,6,2015.0,2015,北海道江差町
216,北海道,江差町,江差追分会館条例の一部を改正する条例,議員,○,,H27.9.15,H27.12.1,,27,9,2015.0,2015,北海道江差町
217,北海道,芽室町,芽室消防団条例(改正),委員会,○,,H28.2.15,H28.4.1,,28,2,2015.0,2016,北海道芽室町
218,青森県,鰺ヶ沢町,鰺ヶ沢町地酒による乾杯を推奨する条例,議員,○,,H27.3.12,H27.3.13,,27,3,2014.0,2015,青森県鰺ヶ沢町
219,岩手県,大船渡市,"大船渡市行政に係る基本的な計画の議決等に関す
る条例（改正）",議員,○,,H26.9.25,H26.9.25,,26,9,2014.0,2014,岩手県大船渡市
220,宮城県,仙台市,仙台市歩行喫煙等の防止に関する条例,議員,○,,H27.6.26,H28.4.1,,27,6,2015.0,2015,宮城県仙台市
221,宮城県,塩竈市,"塩竈の地酒等地域資源を生かした食文化の振興に
関する条例",議員,○,,H27.12.18,H27.12.18,,27,12,2015.0,2015,宮城県塩竈市
222,宮城県,白石市,白石市空き地の適正管理に関する条例,議員,○,,H27.6.18,H27.10.1,,27,6,2015.0,2015,宮城県白石市
223,宮城県,多賀城市,"多賀城市子ども医療費の助成に関する条例（改
正）",議員,,○,H28.3.8,H28.10.1,,28,3,2015.0,2016,宮城県多賀城市
224,宮城県,登米市,登米市空き家等の適正管理に関する条例,議員,○,,H26.12.16,H27.4.1,,26,12,2014.0,2014,宮城県登米市
225,宮城県,栗原市,栗原市の地酒等による乾杯を推進する条例,議員,○,,H27.6.23,H27.6.23,,27,6,2015.0,2015,宮城県栗原市
226,宮城県,加美町,自然環境を放射能による汚染等から守る条例,議員,,○,H26.9.19,H26.9.25,,26,9,2014.0,2014,宮城県加美町
227,秋田県,横手市,横手市出資法人への関与に関する条例,議員,○,,H27.9.17,H27.9.17,,27,9,2015.0,2015,秋田県横手市
228,秋田県,湯沢市,秋田湯沢の地酒で乾杯条例,委員会,○,,H26.6.27,H26.6.27,,26,6,2014.0,2014,秋田県湯沢市
229,秋田県,由利本荘市,由利本荘市地酒による乾杯を促進する条例,議員,○,,H27.3.18,H27.3.25,,27,3,2014.0,2015,秋田県由利本荘市
230,秋田県,仙北市,仙北市職員倫理条例,委員会,○,,H28.2.23,H28.4.1,,28,2,2015.0,2016,秋田県仙北市
231,山形県,米沢市,米沢市地酒による乾杯を推進する条例,議員,○,,H26.9.26,H26.10.1,,26,9,2014.0,2014,山形県米沢市
232,山形県,高畠町,"高畠町産清酒･ワインによる乾杯の普及の促進に
関する条例",議員,○,,H26.6.17,H26.6.17,,26,6,2014.0,2014,山形県高畠町
233,福島県,郡山市,郡山市地酒等による乾杯の推進に関する条例,議員,○,,H27.3.9,H27.3.11,,27,3,2014.0,2015,福島県郡山市
234,福島県,喜多方市,喜多方市産業活性化推進条例,委員会,○,,H26.12.11,H27.1.1,,26,12,2014.0,2014,福島県喜多方市
235,福島県,桑折町,"桑折町原子力損害賠償請求に係る支援に関する条
例",議員,○,,H27.7.15,H27.7.17,,27,7,2015.0,2015,福島県桑折町
236,福島県,金山町,職員の給与に関する条例（改正）,議員,○,,H27.3.12,H27.4.1,,27,3,2014.0,2015,福島県金山町
237,福島県,西郷村,西郷村子育て支援及び高齢者福祉推進基金条例,議員,○,,H27.3.17,H27.3.23,,27,3,2014.0,2015,福島県西郷村
238,福島県,小野町,小野町図書・新聞に親しむ条例,議員,○,,H27.12.9,H27.12.9,,27,12,2015.0,2015,福島県小野町
239,茨城県,日立市,日立市地酒による乾杯を推進する条例,議員,○,,H27.9.29,H27.10.1,,27,9,2015.0,2015,茨城県日立市
240,茨城県,結城市,結城の地酒で乾杯条例,委員会,○,,H26.6.18,H26.6.27,,26,6,2014.0,2014,茨城県結城市
241,茨城県,常陸太田市,「常陸太田の地酒」で乾杯を推進する条例,議員,○,,H27.9.18,H27.9.18,,27,9,2015.0,2015,茨城県常陸太田市
242,茨城県,取手市,"取手市政治倫理条例の一部を改正する条例（改
正）",議員,○,,H27.6.11,H27.6.16,,27,6,2015.0,2015,茨城県取手市
243,茨城県,取手市,"取手市政治倫理条例の一部を改正する条例（改
正）",議員,○,,H27.12.11,H27.12.16,,27,12,2015.0,2015,茨城県取手市
244,茨城県,牛久市,牛久市政治倫理条例（改正）,議員,○,,H26.9.25,H27.1.1,,26,9,2014.0,2014,茨城県牛久市
245,茨城県,牛久市,牛久市役所パワーハラスメント防止条例,議員,○,,H26.9.25,H26.11.1,,26,9,2014.0,2014,茨城県牛久市
246,茨城県,ひたちなか市,ひたちなか市魚食の普及推進に関する条例,議員,○,,H28.3.25,H28.4.1,,28,3,2015.0,2016,茨城県ひたちなか市
247,茨城県,守谷市,守谷市いただきます条例,議員,○,,H26.12.2,H27.4.1,,26,12,2014.0,2014,茨城県守谷市
248,茨城県,常陸大宮市,常陸大宮市「ふるさとの恵みに乾杯」条例,議員,○,,H27.6.25,H27.6.30,,27,6,2015.0,2015,茨城県常陸大宮市
249,茨城県,阿見町,阿見町政治倫理条例（一部改正）,議員,○,,H26.6.20,H26.7.1,,26,6,2014.0,2014,茨城県阿見町
250,栃木県,佐野市,佐野市地酒で乾杯を推進する条例,議員,○,,H26.6.20,H26.7.1,,26,6,2014.0,2014,栃木県佐野市
251,群馬県,前橋市,前橋市手話言語条例,議員,○,,H27.12.7,H28.4.1,,27,12,2015.0,2015,群馬県前橋市
252,群馬県,みなかみ町,みなかみ町中小企業・小規模企業振興基本条例,議員,○,,H28.3.8,H28.4.1,,28,3,2015.0,2016,群馬県みなかみ町
253,埼玉県,さいたま市,"さいたま市がん対策の総合的かつ計画的な推進に
関する条例",委員会,○,,H26.6.11,H26.10.1,,26,6,2014.0,2014,埼玉県さいたま市
254,埼玉県,さいたま市,"さいたま市市民活動サポートセンター条例の一部
を改正する条例（改正）",議員,○,,H27.10.16,H28.4.1,,27,10,2015.0,2015,埼玉県さいたま市
255,埼玉県,熊谷市,あついぞ！熊谷お祭り条例,議員,○,,H26.6.25,H26.7.1,,26,6,2014.0,2014,埼玉県熊谷市
256,埼玉県,川口市,川口市文化芸術振興条例,議員,○,,H28.3.24,H28.3.24,,28,3,2015.0,2016,埼玉県川口市
257,埼玉県,秩父市,秩父市セーフコミュニティ推進条例,議員,○,,H28.3.16,H28.3.17,,28,3,2015.0,2016,埼玉県秩父市
258,埼玉県,鴻巣市,鴻巣市民のいのちと心を守る自殺対策条例,委員会,○,,H26.12.18,H27.4.1,,26,12,2014.0,2014,埼玉県鴻巣市
259,埼玉県,深谷市,深谷市の酒で乾杯を推進する条例,議員,○,,H28.3.17,H28.3.23,,28,3,2015.0,2016,埼玉県深谷市
260,埼玉県,越谷市,越谷市空き家等の適正管理に関する条例,委員会,○,,H26.12.17,H27.4.1,,26,12,2014.0,2014,埼玉県越谷市
261,埼玉県,入間市,"入間市長の調査等の対象となる法人の範囲に関す
る条例",議員,○,,H26.9.2,H26.9.8,,26,9,2014.0,2014,埼玉県入間市
262,埼玉県,桶川市,桶川市自転車の安全な利用の促進に関する条例,議員,○,,H27.9.28,H27.12.1,,27,9,2015.0,2015,埼玉県桶川市
263,埼玉県,蓮田市,蓮田市道路占用料徴収条例（改正）,議員,○,,H27.3.19,H27.4.1,,27,3,2014.0,2015,埼玉県蓮田市
264,埼玉県,鶴ヶ島市,鶴ヶ島市空き家の適正な管理に関する条例,議員,○,,H26.9.22,H27.4.1,,26,9,2014.0,2014,埼玉県鶴ヶ島市
265,千葉県,市川市,市川市敬老祝金支給条例（改正）,議員,○,,H26.10.3,H27.1.1,,26,10,2014.0,2014,千葉県市川市
266,千葉県,八千代市,"八千代市総合グラウンドの設置及び管理に関する
条例（改正）",議員,○,,H26.6.26,H26.9.1,,26,6,2014.0,2014,千葉県八千代市
267,千葉県,君津市,きみつの地酒で乾杯を推進する条例,議員,○,,H26.9.26,H26.10.1,,26,9,2014.0,2014,千葉県君津市
268,千葉県,四街道市,"住民投票を教訓とし住民主体の市政を推進する条
例を廃止する条例の制定について(廃止)",議員,○,,H26.9.30,H26.9.30,,26,9,2014.0,2014,千葉県四街道市
269,東京都,千代田区,水辺を魅力ある都市空間に再生する条例,委員会,○,,H27.3.3,H27.3.3,,27,3,2014.0,2015,東京都千代田区
270,東京都,台東区,東京都台東区男女平等推進基本条例,議員,○,,H26.12.17,H27.1.1,,26,12,2014.0,2014,東京都台東区
271,東京都,台東区,"東京都台東区旅館業法施行条例の一部を改正する
条例",議員,○,,H28.3.29,H28.4.1,,28,3,2015.0,2016,東京都台東区
272,東京都,品川区,品川区おもてなし条例,議員,,○,H27.12.9,H27.12.10,,27,12,2015.0,2015,東京都品川区
273,東京都,足立区,"足立区心身障害者福祉手当条例の一部を改正する
条例",議員,○,,H26.12.22,H27.4.1,,26,12,2014.0,2014,東京都足立区
274,東京都,調布市,"調布市青少年問題協議会条例の一部を改正する条
例",議員,○,,H27.3.23,H27.6.1,,27,3,2014.0,2015,東京都調布市
275,東京都,町田市,町田市市民条例の一部を改正する条例,議員,○,,H26.12.10,H27.4.1,,26,12,2014.0,2014,東京都町田市
276,神奈川県,横浜市,"横浜市将来にわたる責任ある財政運営の推進に関
する条例",議員,○,,H26.6.3,H26.6.5,,26,6,2014.0,2014,神奈川県横浜市
277,神奈川県,横浜市,横浜市子供を虐待から守る条例,議員,○,,H26.6.3,H26.11.5,,26,6,2014.0,2014,神奈川県横浜市
278,神奈川県,横浜市,横浜市落書き行為の防止に関する条例,議員,○,,H26.6.3,H27.4.1,,26,6,2014.0,2014,神奈川県横浜市
279,神奈川県,横浜市,横浜市がん撲滅対策推進条例,議員,○,,H26.6.3,H26.10.1,,26,6,2014.0,2014,神奈川県横浜市
280,神奈川県,横浜市,"横浜市の都市農業における地産地消の推進等に関
する条例",議員,○,,H26.12.26,H27.4.1,,26,12,2014.0,2014,神奈川県横浜市
281,神奈川県,横浜市,横浜市商店街の活性化に関する条例,議員,○,,H27.2.20,H27.4.1,,27,2,2014.0,2015,神奈川県横浜市
282,神奈川県,川崎市,"川崎市理容師法施行条例及び川崎市美容師法施行
条例の一部を改正する条例（改正）",議員,○,,H26.12.17,H27.7.1,,26,12,2014.0,2014,神奈川県川崎市
283,神奈川県,川崎市,"川崎市町内会・自治会の活動の活性化に関する条
例",議員,○,,H26.12.17,H27.4.1,,26,12,2014.0,2014,神奈川県川崎市
284,神奈川県,相模原市,相模原市理容師法施行条例（改正）,議員,○,,H28.3.24,（H28.10.1）,,28,3,2015.0,2016,神奈川県相模原市
285,神奈川県,相模原市,相模原市美容師法施行条例（改正）,議員,○,,H28.3.24,（H28.10.1）,,28,3,2015.0,2016,神奈川県相模原市
286,神奈川県,横須賀市,横須賀市観光立市推進条例,議員,○,,H26.11.28,H27.4.1,,26,11,2014.0,2014,神奈川県横須賀市
287,神奈川県,鎌倉市,"鎌倉市職員の給与に関する条例等の一部を改正す
る条例の制定について",委員会,,○,H26.9.26,H26.10.1,,26,9,2014.0,2014,神奈川県鎌倉市
288,神奈川県,小田原市,"都市計画法に基づく市街化調整区域における開発
許可等の基準に関する条例の一部を改正する条例
の一部を改正する条例",議員,○,,H26.10.2,H26.10.2,,26,10,2014.0,2014,神奈川県小田原市
289,神奈川県,逗子市,逗子市路上喫煙等の防止に関する条例,議員,○,,H28.2.25,（H28.10.1）,,28,2,2015.0,2016,神奈川県逗子市
290,神奈川県,大磯町,"大磯町省エネルギー及び再生可能エネルギー利用
の推進に関する条例",議員,○,,H26.12.16,H27.4.1,,26,12,2014.0,2014,神奈川県大磯町
291,新潟県,新潟市,新潟市中小企業振興基本条例,議員,○,,H26.7.1,H26.10.1,,26,7,2014.0,2014,新潟県新潟市
292,新潟県,長岡市,長岡市日本酒で乾杯を推進する条例,議員,○,,H26.6.30,H26.6.30,,26,6,2014.0,2014,新潟県長岡市
293,新潟県,長岡市,長岡市恒久平和の日条例,議員,○,,H26.7.9,H26.8.1,,26,7,2014.0,2014,新潟県長岡市
294,新潟県,上越市,"上越市空き家等の適正管理及び活用促進に関する
条例",議員,○,,H27.3.26,H27.7.1,,27,3,2014.0,2015,新潟県上越市
295,新潟県,上越市,上越市地酒で乾杯を推進する条例,議員,○,,H26.9.30,H26.9.30,,26,9,2014.0,2014,新潟県上越市
296,新潟県,田上町,専決処分事項の指定について,委員会,○,,H27.3.12,H27.4.1,,27,3,2014.0,2015,新潟県田上町
297,富山県,富山市,富山市旅館業法施行条例（改正),議員,○,,H28.3.23,H28.4.25,,28,3,2015.0,2016,富山県富山市
298,石川県,加賀市,加賀市の地域医療を守る条例,議員,○,,H27.6.22,H27.6.22,,27,6,2015.0,2015,石川県加賀市
299,石川県,羽咋市,"議決事件に該当しない契約及び財産の処分につい
ての報告に関する条例",委員会,○,,H26.11.28,H27.4.1,,26,11,2014.0,2014,石川県羽咋市
300,石川県,中能登町,町長の専決処分事項の指定に関する条例,議員,○,,H28.3.3,H28.4.1,,28,3,2015.0,2016,石川県中能登町
301,石川県,能登町,町長の専決処分事項の指定に関する条例,委員会,○,,H26.8.4,H26.11.1,,26,8,2014.0,2014,石川県能登町
302,福井県,坂井市,坂井市米の消費拡大等の推進に関する条例,議員,○,,H28.2.23,H28.4.1,,28,2,2015.0,2016,福井県坂井市
303,福井県,永平寺町,永平寺町の食文化に関する条例,委員会,○,,H27.12.15,H28.2.13,,27,12,2015.0,2015,福井県永平寺町
304,長野県,長野市,長野市農業振興条例,委員会,○,,H26.12.16,H27.1.1,,26,12,2014.0,2014,長野県長野市
305,長野県,茅野市,"茅野市地区コミュニティセンター条例等の一部を
改正する条例（改正）",議員,,○,H27.12.21,H28.4.1,,27,12,2015.0,2015,長野県茅野市
306,長野県,千曲市,千曲市子ども育成条例,議員,○,,H27.3.23,H27.3.25,,27,3,2014.0,2015,長野県千曲市
307,長野県,千曲市,千曲市家庭教育支援条例,議員,○,,H27.12.18,H28.4.1,,27,12,2015.0,2015,長野県千曲市
308,長野県,辰野町,"辰野町議会の議決すべき事件を定める条例（改
正）",議員,○,,H27.3.18,H27.3.18,,27,3,2014.0,2015,長野県辰野町
309,長野県,宮田村,宮田村議会専決処分条例,委員会,○,,H28.3.14,H28.4.1,,28,3,2015.0,2016,長野県宮田村
310,長野県,飯綱町,飯綱町集落振興支援基本条例,議員,○,,H26.9.19,H26.9.26,,26,9,2014.0,2014,長野県飯綱町
311,岐阜県,大垣市,"大垣市職員の旅費に関する条例の一部改正につい
て",議員,○,,H27.5.8,H27.5.13,,27,5,2015.0,2015,岐阜県大垣市
312,岐阜県,多治見市,多治見市美濃焼を使おう条例,議員,○,,H26.7.31,H26.8.1,,26,7,2014.0,2014,岐阜県多治見市
313,岐阜県,瑞浪市,瑞浪市民の歯と口腔の健康づくり推進条例,委員会,○,,H26.12.22,H26.12.22,,26,12,2014.0,2014,岐阜県瑞浪市
314,岐阜県,瑞浪市,"みずなみ焼をはじめとする美濃焼の普及の促進に
関する条例",委員会,○,,H26.12.22,H26.12.22,,26,12,2014.0,2014,岐阜県瑞浪市
315,岐阜県,羽島市,羽島市食の地産地消推進条例,議員,○,,H28.3.22,H28.4.1,,28,3,2015.0,2016,岐阜県羽島市
316,岐阜県,可児市,可児市空き家等の適正管理に関する条例,委員会,○,,H26.8.12,H27.4.1,,26,8,2014.0,2014,岐阜県可児市
317,岐阜県,郡上市,みんなでやらまいか！郡上の元気・やる気条例,議員,○,,H27.3.26,H27.3.27,,27,3,2014.0,2015,岐阜県郡上市
318,静岡県,静岡市,静岡市世界遺産三保松原保全活用条例,議員,○,,H26.12.3,H27.2.23,,26,12,2014.0,2014,静岡県静岡市
319,静岡県,静岡市,"静岡市いのちを守る防災・減災の推進に関する条
例",議員,○,,H28.3.18,H28.4.1,,28,3,2015.0,2016,静岡県静岡市
320,静岡県,浜松市,浜松市民俗芸能の継承及び振興に関する条例,議員,○,,H28.3.24,H28.4.1,,28,3,2015.0,2016,静岡県浜松市
321,静岡県,沼津市,"沼津市空き家等の適正管理及び有効活用に関する
条例",議員,○,,H26.12.16,H27.4.1,,26,12,2014.0,2014,静岡県沼津市
322,静岡県,磐田市,磐田市中小企業及び小規模企業振興基本条例,議員,○,,H27.3.24,H27.3.24,,27,3,2014.0,2015,静岡県磐田市
323,静岡県,掛川市,掛川市健康医療基本条例,委員会,○,,H28.3.22,H28.4.1,,28,3,2015.0,2016,静岡県掛川市
324,静岡県,藤枝市,藤枝市地産地消の推進に関する条例,議員,○,,H27.12.17,H27.12.28,,27,12,2015.0,2015,静岡県藤枝市
325,愛知県,豊橋市,豊橋市歯科口腔保健推進条例,議員,○,,H28.3.29,H28.3.29,,28,3,2015.0,2016,愛知県豊橋市
326,愛知県,安城市,安城市さわやかマナーまちづくり条例,議員,○,,H26.12.18,H27.4.1,,26,12,2014.0,2014,愛知県安城市
327,愛知県,江南市,江南市乾杯条例,議員,○,,H26.6.24,H26.7.1,,26,6,2014.0,2014,愛知県江南市
328,愛知県,小牧市,"現在の新図書館建設計画に関する住民投票条例の
制定について",議員,○,,H27.9.10,H27.9.15,,27,9,2015.0,2015,愛知県小牧市
329,愛知県,新城市,"新城市新庁舎建設における現計画の見直しを問う
住民投票条例",議員,○,,H27.3.26,H27.3.31,,27,3,2014.0,2015,愛知県新城市
330,愛知県,新城市,新城市肥料等の大量な施用等の防止に関する条例,委員会,○,,H27.6.29,H27.7.1,,27,6,2015.0,2015,愛知県新城市
331,愛知県,高浜市,高浜市みんなで三州瓦をひろめよう条例,議員,○,,H26.12.19,H26.12.26,,26,12,2014.0,2014,愛知県高浜市
332,愛知県,扶桑町,"扶桑町役場庁舎及び学校教育施設を除く公共施設
建設基金の設置及び管理に関する条例の制定につ
いて",議員,○,,H27.3.25,H27.4.1,,27,3,2014.0,2015,愛知県扶桑町
333,愛知県,東浦町,東浦町住民投票条例,議員,○,,H27.12.18,H27.12.28,,27,12,2015.0,2015,愛知県東浦町
334,三重県,四日市市,四日市市市民協働促進条例,議員,○,,H26.12.22,H27.4.1,,26,12,2014.0,2014,三重県四日市市
335,三重県,四日市市,"四日市市開発許可等に関する条例の一部を改正す
る条例",議員,○,,H27.3.23,H28.4.1,,27,3,2014.0,2015,三重県四日市市
336,三重県,四日市市,"四日市市障害者の医療費の助成に関する条例の一
部を改正する条例",議員,○,,H28.3.23,H28.9.1,,28,3,2015.0,2016,三重県四日市市
337,三重県,名張市,名張市ものづくり基本条例,議員,○,,H28.3.24,H28.3.28,,28,3,2015.0,2016,三重県名張市
338,三重県,尾鷲市,尾鷲市おもてなし条例,議員,○,,H27.6.1,H27.6.1,,27,6,2015.0,2015,三重県尾鷲市
339,三重県,菰野町,菰野町水道事業給水条例（改正）,委員会,○,,H27.3.24,H27.4.1,,27,3,2014.0,2015,三重県菰野町
340,三重県,南伊勢町,南伊勢町魚消費拡大応援条例,議員,○,,H26.6.19,H26.6.20,,26,6,2014.0,2014,三重県南伊勢町
341,滋賀県,大津市,大津市災害等対策基本条例,議員,○,,H27.3.13,H27.4.1,,27,3,2014.0,2015,滋賀県大津市
342,滋賀県,大津市,大津市がん対策推進条例,議員,○,,H28.3.8,H28.4.1,,28,3,2015.0,2016,滋賀県大津市
343,滋賀県,彦根市,"地方自治法第96条第2項の規定による議会の議決
すべき事件に関する条例の一部を改正する条例",議員,○,,H28.3.22,H28.3.23,,28,3,2015.0,2016,滋賀県彦根市
344,滋賀県,甲賀市,"甲賀市甲賀の茶及び甲賀の地酒を信楽焼の器でも
てなす条例",議員,○,,H27.3.5,H27.3.11,,27,3,2014.0,2015,滋賀県甲賀市
345,滋賀県,甲賀市,"甲賀市の議会議員及び長の選挙における選挙運動
の公費負担に関する条例",議員,○,,H27.9.30,H27.10.7,,27,9,2015.0,2015,滋賀県甲賀市
346,京都府,京都市,"京都市手話言語がつなぐ心豊かな共生社会を目指
す条例",議員,○,,H28.3.25,H28.4.1,,28,3,2015.0,2016,京都府京都市
347,京都府,舞鶴市,"舞鶴産のお茶の生産振興及び普及促進に関する条
例",議員,○,,H27.12.22,H27.12.25,,27,12,2015.0,2015,京都府舞鶴市
348,京都府,宮津市,ふるさと宮津を守り育てる条例,委員会,○,,H27.3.30,H27.4.1,,27,3,2014.0,2015,京都府宮津市
349,大阪府,大阪市,大阪戦略調整会議の設置に関する条例,議員,○,,H27.6.10,H27.7.10,,27,6,2015.0,2015,大阪府大阪市
350,大阪府,大阪市,"大阪戦略調整会議の設置に関する条例の一部を改
正する条例",議員,○,,H27.12.17,H28.4.1,,27,12,2015.0,2015,大阪府大阪市
351,大阪府,大阪市,大阪市こころを結ぶ手話言語条例,議員,○,,H28.1.15,H28.1.18,,28,1,2015.0,2016,大阪府大阪市
352,大阪府,堺市,大阪戦略調整会議の設置に関する条例,議員,○,,H27.6.24,H27.7.10,,27,6,2015.0,2015,大阪府堺市
353,大阪府,堺市,"大阪戦略調整会議の設置に関する条例の一部を改
正する条例",議員,○,,H28.3.1,H28.4.1,,28,3,2015.0,2016,大阪府堺市
354,大阪府,河内長野市,河内長野市孤立死防止条例,議員,○,,H27.12.1,H27.12.1,,27,12,2015.0,2015,大阪府河内長野市
355,大阪府,松原市,松原市議会の議決すべき事件に関する条例,議員,○,,H27.8.27,H27.9.1,,27,8,2015.0,2015,大阪府松原市
356,大阪府,和泉市,和泉市庁舎整備に関する住民投票条例,議員,○,,H27.9.30,H27.9.30,,27,9,2015.0,2015,大阪府和泉市
357,大阪府,摂津市,"摂津市子どもの医療費の助成に関する条例(改
正）",議員,○,,H28.3.29,H28.4.1,,28,3,2015.0,2016,大阪府摂津市
358,大阪府,阪南市,阪南市いのちの水を守る条例,議員,○,,H27.3.26,H27.4.1,,27,3,2014.0,2015,大阪府阪南市
359,兵庫県,神戸市,神戸灘の酒による乾杯を推進する条例,議員,○,,H26.10.27,H26.11.1,,26,10,2014.0,2014,兵庫県神戸市
360,兵庫県,神戸市,神戸市みんなの手話言語条例,議員,○,,H27.3.24,H27.4.1,,27,3,2014.0,2015,兵庫県神戸市
361,兵庫県,宝塚市,歌劇のまち宝塚条例,議員,○,,H26.12.18,H26.12.18,,26,12,2014.0,2014,兵庫県宝塚市
362,兵庫県,篠山市,篠山市被災者生活再建支援条例,委員会,○,,H26.6.27,H26.6.27,,26,6,2014.0,2014,兵庫県篠山市
363,奈良県,天理市,市長の専決処分事項に関する条例の一部改正,議員,○,,H27.3.18,H27.4.1,,27,3,2014.0,2015,奈良県天理市
364,奈良県,御杖村,御杖村政治倫理条例の一部を改正する条例,議員,○,,H28.3.23,H28.4.1,,28,3,2015.0,2016,奈良県御杖村
365,奈良県,桜井市,桜井市政治倫理条例,委員会,○,,H28.3.10,H28.4.1,,28,3,2015.0,2016,奈良県桜井市
366,和歌山県,和歌山市,"和歌山市地酒による乾杯の奨励及び地酒の普及の
促進に関する条例",議員,○,,H26.6.26,H26.6.27,,26,6,2014.0,2014,和歌山県和歌山市
367,和歌山県,和歌山市,"和歌山市みんなでとりくむ生き活き健康づくり条
例",議員,○,,H26.12.16,H27.1.1,,26,12,2014.0,2014,和歌山県和歌山市
368,和歌山県,新宮市,新宮市地酒で乾杯を推進する条例,委員会,○,,H26.12.18,H26.12.19,,26,12,2014.0,2014,和歌山県新宮市
369,和歌山県,岩出市,日本酒の普及の促進に関する条例,議員,○,,H26.9.22,H26.10.1,,26,9,2014.0,2014,和歌山県岩出市
370,和歌山県,みなべ町,"みなべ町紀州南高梅使用のおにぎり及び梅干しの
普及に関する条例",委員会,○,,H26.9.26,H26.10.1,,26,9,2014.0,2014,和歌山県みなべ町
371,鳥取県,日南町,日南町住宅改修助成条例の一部を改正する条例,委員会,○,,H28.3.23,H28.3.23,,28,3,2015.0,2016,鳥取県日南町
372,鳥取県,日南町,"日南町意欲ある農業者支援条例の一部を改正する
条例",委員会,○,,H28.3.23,H28.3.23,,28,3,2015.0,2016,鳥取県日南町
373,島根県,松江市,松江市自転車安全利用条例,議員,○,,H26.6.27,H26.8.1,,26,6,2014.0,2014,島根県松江市
374,島根県,出雲市,出雲市地酒で乾杯条例,議員,○,,H26.6.26,H26.6.26,,26,6,2014.0,2014,島根県出雲市
375,島根県,出雲市,出雲市自治会等応援条例,議員,○,,H27.3.24,H27.3.25,,27,3,2014.0,2015,島根県出雲市
376,島根県,大田市,大田市地酒で乾杯条例,議員,,○,H26.12.2,H26.12.5,,26,12,2014.0,2014,島根県大田市
377,島根県,奥出雲町,奥出雲町中小企業・小規模企業振興基本条例,委員会,○,,H28.3.25,H28.3.25,,28,3,2015.0,2016,島根県奥出雲町
378,島根県,津和野町,町長の専決処分事項の指定に関する条例,委員会,○,,H27.3.17,H27.3.19,,27,3,2014.0,2015,島根県津和野町
379,岡山県,岡山市,持続可能な開発のための教育の推進に関する条例,議員,○,,H26.9.26,H26.9.30,,26,9,2014.0,2014,岡山県岡山市
380,岡山県,倉敷市,自殺対策基本条例,議員,○,,H26.12.19,H27.4.1,,26,12,2014.0,2014,岡山県倉敷市
381,広島県,福山市,福山市ばらのまち条例,議員,○,,H27.9.17,H27.9.18,,27,9,2015.0,2015,広島県福山市
382,広島県,三次市,三次市自転車の安全利用に関する条例,議員,○,,H27.9.29,H28.1.1,,27,9,2015.0,2015,広島県三次市
383,広島県,海田町,"海田町庁舎建設場所について町民の意思を問う住
民投票条例を廃止する条例",議員,○,,H27.12.3,H27.12.9,,27,12,2015.0,2015,広島県海田町
384,山口県,防府市,防府市中小企業振興基本条例,議員,○,,H27.3.25,H27.8.1,,27,3,2014.0,2015,山口県防府市
385,山口県,周南市,周南市政治倫理条例(全部改正),委員会,○,,H28.3.16,（H28.6.20）,,28,3,2015.0,2016,山口県周南市
386,山口県,周南市,周南市政治倫理条例(一部改正),委員会,○,,H27.3.19,H27.4.1,,27,3,2014.0,2015,山口県周南市
387,山口県,周南市,周南市の地域医療を守る条例,委員会,○,,H27.6.24,H27.6.24,,27,6,2015.0,2015,山口県周南市
388,徳島県,阿南市,阿南市長の在任期間に関する条例を廃止する条例,議員,○,,H26.6.23,H26.6.24,,26,6,2014.0,2014,徳島県阿南市
389,徳島県,那賀町,"那賀町公の施設における指定管理者の指定の手続
等に関する条例の一部改正",議員,○,,H27.2.5,H27.4.1,,27,2,2014.0,2015,徳島県那賀町
390,徳島県,那賀町,那賀町山づくり条例,委員会,○,,H27.3.19,H27.4.1,,27,3,2014.0,2015,徳島県那賀町
391,徳島県,那賀町,"那賀町公の施設における指定管理者の指定の手続
等に関する条例の一部改正",議員,○,,H27.9.18,H27.9.24,,27,9,2015.0,2015,徳島県那賀町
392,徳島県,那賀町,とくしまNAKAドローンの日条例,議員,○,,H28.3.18,H28.4.1,,28,3,2015.0,2016,徳島県那賀町
393,香川県,坂出市,坂出市歯と口腔の健康づくり推進条例,議員,○,,H27.12.22,H27.12.28,,27,12,2015.0,2015,香川県坂出市
394,愛媛県,四国中央市,"四国中央市快適で美しいまちづくりの推進に関す
る条例",議員,○,,H27.9.29,H28.1.1,,27,9,2015.0,2015,愛媛県四国中央市
395,愛媛県,松野町,"松野町に副町長を置かないことの条例を廃止する
条例",議員,○,,H28.3.14,H28.3.15,,28,3,2015.0,2016,愛媛県松野町
396,高知県,高知市,高知市公共調達条例(改正）,議員,○,,H26.9.26,H27.10.1,"一部は平成27年1
月1日施行",26,9,2014.0,2014,高知県高知市
397,高知県,香美市,香美市産業振興条例,委員会,○,,H28.3.18,H28.4.1,,28,3,2015.0,2016,高知県香美市
398,福岡県,北九州市,北九州市中小企業振興条例,委員会,○,,H26.12.8,H27.4.1,,26,12,2014.0,2014,福岡県北九州市
399,福岡県,北九州市,北九州市子ども読書活動推進条例,委員会,○,,H27.6.26,H27.7.3,,27,6,2015.0,2015,福岡県北九州市
400,福岡県,福岡市,ふくおかさん家のうまかもん条例,議員,○,,H26.9.16,H27.4.1,,26,9,2014.0,2014,福岡県福岡市
401,福岡県,豊前市,"豊前市老朽危険家屋等除去後の土地に対する固定
資産税の減免に関する条例",議員,○,,H26.6.19,H26.6.20,,26,6,2014.0,2014,福岡県豊前市
402,福岡県,遠賀町,遠賀町地元酒等による乾杯の推進に関する条例,議員,○,,H26.12.22,H26.12.22,,26,12,2014.0,2014,福岡県遠賀町
403,佐賀県,唐津市,"唐津焼の器に注いだ地酒による乾杯を推進する条
例",議員,○,,H27.12.9,H27.12.9,,27,12,2015.0,2015,佐賀県唐津市
404,佐賀県,嬉野市,"嬉野市議決事件に該当しない契約についての報告
に関する条例",議員,○,,H26.12.18,H27.1.1,,26,12,2014.0,2014,佐賀県嬉野市
405,長崎県,小値賀町,小値賀町議会の議決に付すべき事件に関する条例,委員会,○,,H26.1.24,H26.2.12,,26,1,2013.0,2014,長崎県小値賀町
406,長崎県,小値賀町,小値賀町債権管理条例,議員,○,,H26.12.25,H26.12.26,,26,12,2014.0,2014,長崎県小値賀町
407,熊本県,荒尾市,荒尾市中小企業・小規模企業振興基本条例,委員会,○,,H28.3.23,H28.3.25,,28,3,2015.0,2016,熊本県荒尾市
408,熊本県,山鹿市,"山鹿市あいさつの励行及び互礼の普及の推進に関
する条例",議員,○,,H26.9.17,H26.9.22,,26,9,2014.0,2014,熊本県山鹿市
409,熊本県,益城町,"益城町ふるさとづくり施設整備補助金条例につい
て",議員,○,,H27.12.15,H27.12.17,,27,12,2015.0,2015,熊本県益城町
410,熊本県,相良村,相良村環境美化条例,議員,○,,H27.6.12,H27.6.17,,27,6,2015.0,2015,熊本県相良村
411,熊本県,あさぎり町,"町長の専決処分事項の指定に関する条例の一部を
改正する条例",委員会,○,,H26.6.13,H26.6.16,,26,6,2014.0,2014,熊本県あさぎり町
412,熊本県,あさぎり町,"球磨焼酎は、ガラとチョクで盃(さかずき)を交わ
しながら飲み、球磨拳を楽しみ、食べ物は「ごち
そうさん」の感謝の心と「もったいない」の精神
で、胃袋に消費することを推進する条例の一部を
改正する条例",議員,○,,H26.6.13,H26.6.16,,26,6,2014.0,2014,熊本県あさぎり町
413,大分県,大分市,大分市民のこころといのちを守る条例,議員,○,,H27.9.7,H28.4.1,,27,9,2015.0,2015,大分県大分市
414,大分県,別府市,別府市協働のまちづくり推進基本条例,委員会,○,,H27.3.23,H27.4.1,,27,3,2014.0,2015,大分県別府市
415,大分県,臼杵市,臼杵の地酒による乾杯条例,議員,○,,H27.9.25,H27.10.1,,27,9,2015.0,2015,大分県臼杵市
416,宮崎県,川南町,"川南町地域全体でとりくむ生き活き健康づくり条
例",議員,○,,H28.3.18,H28.4.1,,28,3,2015.0,2016,宮崎県川南町
417,鹿児島県,南大隅町,南大隅町ふるさと環境美化条例,委員会,○,,H27.3.25,H27.4.1,,27,3,2014.0,2015,鹿児島県南大隅町
418,沖縄県,那覇市,めんそーれ那覇市観光振興条例制定について,議員,○,,H27.3.20,H27.4.1,,27,3,2014.0,2015,沖縄県那覇市
419,沖縄県,石垣市,石垣市新庁舎建設位置に関する住民投票条例,議員,○,,H27.12.11,H27.12.18,,27,12,2015.0,2015,沖縄県石垣市
420,沖縄県,竹富町,"竹富町役場の位置についての意思を問う住民投票
条例",議員,○,,H27.9.17,H27.10.6,,27,9,2015.0,2015,沖縄県竹富町
421,沖縄県,竹富町,イリオモテヤマネコの日を定める条例,議員,○,,H27.9.17,H27.9.25,,27,9,2015.0,2015,沖縄県竹富町
422,北海道,旭川市,旭川市飲酒運転の根絶に関する条例,議員,○,,H28.12.13,H28.12.13,,28,12,2016.0,2016,北海道旭川市
423,北海道,旭川市,旭川市における公契約の基本を定める条例,議員,○,,H28.12.13,H28.12.13,,28,12,2016.0,2016,北海道旭川市
424,北海道,苫小牧市,苫小牧市がん対策推進条例,議員,○,,H29.3.17,H29.4.1,,29,3,2016.0,2017,北海道苫小牧市
425,北海道,赤平市,赤平市思いやりあふれる手話言語条例,議員,○,,H29.3.22,H29.4.1,,29,3,2016.0,2017,北海道赤平市
426,北海道,登別市,登別市生きることを支えあう自殺対策条例,議員,○,,H30.3.22,H30.4.1,,30,3,2017.0,2018,北海道登別市
427,北海道,恵庭市,恵庭産のビール等による乾杯を推進する条例,議員,○,,H28.12.27,H29.4.1,,28,12,2016.0,2016,北海道恵庭市
428,北海道,栗山町,栗山町地酒で乾杯を推進する条例,委員会,○,,H28.12.16,H29.1.1,,28,12,2016.0,2016,北海道栗山町
429,北海道,美瑛町,美瑛町に放射性物質を持ち込ませない条例,委員会,○,,H30.3.16,H30.4.1,,30,3,2017.0,2018,北海道美瑛町
430,青森県,青森市,"青森市中小企業振興基本条例の一部を改正する条
例",議員,○,,H28.6.28,H28.6.28,,28,6,2016.0,2016,青森県青森市
431,青森県,おいらせ町,"おいらせ町の議会議員及び長の選挙における選挙
公報の発行に関する条例",議員,○,,H29.6.6,H29.6.8,,29,6,2017.0,2017,青森県おいらせ町
432,青森県,南部町,南部町歯科口腔保健の推進に関する条例,議員,○,,H29.9.7,H29.4.1,,29,9,2017.0,2017,青森県南部町
433,岩手県,宮古市,宮古市暴力団排除条例,委員会,○,,H28.9.1,H28.9.7,,28,9,2016.0,2016,岩手県宮古市
434,岩手県,久慈市,地酒等普及促進・乾杯条例,議員,○,,H28.12.14,H28.12.14,,28,12,2016.0,2016,岩手県久慈市
435,岩手県,陸前高田市,陸前高田市の食文化に関する条例,議員,○,,H28.9.20,H28.9.28,,28,9,2016.0,2016,岩手県陸前高田市
436,岩手県,八幡平市,八幡平市交通事故防止活動推進条例,委員会,○,,H29.6.22,H29.6.27,,29,6,2017.0,2017,岩手県八幡平市
437,岩手県,奥州市,おうしゅう地産地消わくわく条例,議員,○,,H29.12.20,H30.4.1,,29,12,2017.0,2017,岩手県奥州市
438,岩手県,紫波町,紫波町の地酒で乾杯を推進する条例,委員会,○,,H29.3.24,H29.4.1,,29,3,2016.0,2017,岩手県紫波町
439,岩手県,紫波町,紫波町長専決条例の一部を改正する条例（改正）,委員会,○,,H29.12.14,H30.4.1,,29,12,2017.0,2017,岩手県紫波町
440,岩手県,西和賀町,西和賀町地酒等による乾杯を推進する条例,議員,○,,H29.9.15,H29.9.15,,29,9,2017.0,2017,岩手県西和賀町
441,宮城県,仙台市,仙台市防災・減災のまち推進条例,議員,○,,H29.3.10,H29.3.11,,29,3,2016.0,2017,宮城県仙台市
442,宮城県,気仙沼市,気仙沼市食文化の振興に関する条例,議員,○,,H28.12.16,H28.12.22,,28,12,2016.0,2016,宮城県気仙沼市
443,宮城県,大崎市,大崎市地酒で乾杯を推進する条例,議員,○,,H28.12.22,H28.12.22,,28,12,2016.0,2016,宮城県大崎市
444,宮城県,富谷市,"地方自治法第180条第1項の規定に基づく町長の専
決処分事項（包括指定分）の一部改正について",議員,○,,H28.9.16,H28.10.10,"市制施行による
「町長」を「市
長」に改正したも
の",28,9,2016.0,2016,宮城県富谷市
445,秋田県,三種町,三種町監査委員条例（改正）,委員会,○,,H30.3.16,H30.7.1,,30,3,2017.0,2018,秋田県三種町
446,秋田県,羽後町,羽後町長専決条例,委員会,○,,H29.12.15,H30.4.1,,29,12,2017.0,2017,秋田県羽後町
447,福島県,郡山市,郡山市自殺対策基本条例,委員会,○,,H29.6.28,H29.9.10,,29,6,2017.0,2017,福島県郡山市
448,福島県,三春町,"三春町障害を理由とする差別の解消を推進するた
めの条例",議員,○,,H29.12.11,H30.10.1,,29,12,2017.0,2017,福島県三春町
449,茨城県,石岡市,石岡市議会委員会条例(改正）,委員会,○,,H29.12.15,H29.12.20,,29,12,2017.0,2017,茨城県石岡市
450,茨城県,常総市,常総市防災の日を定める条例,委員会,○,,H28.8.8,H28.8.9,"関東・東北豪雨に
よる水害復興特別
委員会",28,8,2016.0,2016,茨城県常総市
451,茨城県,潮来市,潮来市地元酒等による乾杯の推進に関する条例,議員,○,,H29.3.23,H29.3.27,,29,3,2016.0,2017,茨城県潮来市
452,栃木県,宇都宮市,宇都宮市歯及び口腔の健康づくり推進条例,議員,○,,H29.9.29,H29.11.8,,29,9,2017.0,2017,栃木県宇都宮市
453,栃木県,栃木市,栃木市自転車の安全な利用に関する条例,議員,○,,H29.9.1,H30.4.1,,29,9,2017.0,2017,栃木県栃木市
454,栃木県,矢板市,矢板市空家等の適正管理に関する条例,議員,○,,H30.3.22,H30.10.1,,30,3,2017.0,2018,栃木県矢板市
455,群馬県,高崎市,高崎市手話言語条例,議員,○,,H29.3.16,H29.4.1,,29,3,2016.0,2017,群馬県高崎市
456,群馬県,桐生市,桐生市消防団条例の一部を改正する条例,委員会,○,,H28.9.26,H29.4.1,,28,9,2016.0,2016,群馬県桐生市
457,群馬県,桐生市,桐生市手話言語条例,委員会,○,,H29.2.24,H29.4.1,,29,2,2016.0,2017,群馬県桐生市
458,群馬県,桐生市,桐生市の誇りである繊維産業を応援する条例,委員会,○,,H30.3.23,H30.4.1,,30,3,2017.0,2018,群馬県桐生市
459,群馬県,伊勢崎市,伊勢崎市手話言語条例,議員,○,,H29.6.26,H29.6.26,,29,6,2017.0,2017,群馬県伊勢崎市
460,埼玉県,さいたま市,"さいたま市商業等の振興に関する条例の一部を改
正する条例",議員,○,,H28.11.4,H28.12.1,,28,11,2016.0,2016,埼玉県さいたま市
461,埼玉県,熊谷市,熊谷市手話言語条例,議員,○,,H29.3.21,H29.4.1,,29,3,2016.0,2017,埼玉県熊谷市
462,埼玉県,熊谷市,熊谷市子どものいじめ防止条例,議員,○,,H30.3.19,H30.4.1,,30,3,2017.0,2018,埼玉県熊谷市
463,埼玉県,川口市,"川口市いじめを防止するためのまちづくり推進条
例",議員,○,,H28.12.21,H29.4.1,,28,12,2016.0,2016,埼玉県川口市
464,埼玉県,川口市,川口市手話言語条例,議員,○,,H29.6.26,H29.6.26,,29,6,2017.0,2017,埼玉県川口市
465,埼玉県,川口市,川口市動物の愛護及び管理に関する条例,議員,○,,H30.3.26,H30.10.1,,30,3,2017.0,2018,埼玉県川口市
466,埼玉県,秩父市,秩父市手話言語条例,議員,○,,H29.12.20,H30.4.1,,29,12,2017.0,2017,埼玉県秩父市
467,埼玉県,春日部市,"春日部市歯科口腔保健の推進に関する条例の制定
について",議員,○,,H30.3.16,H30.4.1,,30,3,2017.0,2018,埼玉県春日部市
468,埼玉県,鴻巣市,"鴻巣の花を見て育てて贈ってふれあう花のある生
活促進条例の制定",委員会,○,,H28.12.15,H28.12.19,,28,12,2016.0,2016,埼玉県鴻巣市
469,埼玉県,越谷市,越谷市がん対策推進条例,議員,○,,H28.9.27,H28.9.30,,28,9,2016.0,2016,埼玉県越谷市
470,埼玉県,越谷市,越谷市歯科口腔保健の推進に関する条例,議員,○,,H28.9.27,H28.9.30,,28,9,2016.0,2016,埼玉県越谷市
471,埼玉県,桶川市,桶川市手話言語条例,議員,○,,H28.12.14,H28.12.15,,28,12,2016.0,2016,埼玉県桶川市
472,埼玉県,坂戸市,坂戸市イメージキャラクター条例,議員,○,,H30.3.14,H30.3.22,,30,3,2017.0,2018,埼玉県坂戸市
473,埼玉県,嵐山町,嵐山町ぽい捨てゼロできれいな町づくり条例,委員会,○,,H29.9.19,H30.10.1,,29,9,2017.0,2017,埼玉県嵐山町
474,埼玉県,小川町,小川和紙の日を定める条例,議員,○,,H29.6.16,H29.7.1,,29,6,2017.0,2017,埼玉県小川町
475,埼玉県,横瀬町,横瀬町手話言語条例,議員,○,,H30.3.9,H30.4.1,,30,3,2017.0,2018,埼玉県横瀬町
476,埼玉県,東秩父村,東秩父村手漉き和紙の日を定める条例,議員,○,,H29.6.8,H29.7.1,,29,6,2017.0,2017,埼玉県東秩父村
477,千葉県,木更津市,木更津産米を食べよう条例,議員,○,,H28.12.14,H28.12.15,,28,12,2016.0,2016,千葉県木更津市
478,東京都,町田市,町田市市税条例の一部を改正する条例,議員,○,,H29.9.29,H30.4.1,,29,9,2017.0,2017,東京都町田市
479,東京都,小平市,"いきいきこだいら
高齢者見守りの輪条例",議員,○,,H29.3.28,H29.4.1,,29,3,2016.0,2017,東京都小平市
480,東京都,福生市,福生市地酒で乾杯を推進する条例,議員,○,,H29.3.28,H29.3.29,,29,3,2016.0,2017,東京都福生市
481,東京都,清瀬市,"清瀬市コミュニティプラザ条例等の一部を改正す
る条例",議員,○,,H30.3.27,H30.4.1,,30,3,2017.0,2018,東京都清瀬市
482,東京都,品川区,品川区基本構想の議会の議決に関する条例,議員,○,,H29.10.19,H29.10.20,,29,10,2017.0,2017,東京都品川区
483,東京都,足立区,足立区歯科口腔保健条例,議員,○,,H29.3.28,H29.4.1,,29,3,2016.0,2017,東京都足立区
484,神奈川県,横浜市,横浜市狭あい道路の整備の促進に関する条例,議員,○,,H28.12.20,H29.9.1,,28,12,2016.0,2016,神奈川県横浜市
485,神奈川県,横浜市,横浜市官民データ活用推進基本条例,議員,○,,H29.3.24,H29.3.28,,29,3,2016.0,2017,神奈川県横浜市
486,神奈川県,相模原市,"相模原市安全に安心して自転車を利用しようよ条
例",議員,○,,H29.12.22,H29.12.25,,29,12,2017.0,2017,神奈川県相模原市
487,神奈川県,横須賀市,横須賀市給食条例,議員,○,,H29.3.24,H29.6.1ほか,,29,3,2016.0,2017,神奈川県横須賀市
488,神奈川県,横須賀市,"横須賀市不良な生活環境の解消及び発生の防止を
図るための条例",議員,○,,H29.11.30,H30.4.1,,29,11,2017.0,2017,神奈川県横須賀市
489,神奈川県,南足柄市,南足柄市健全な財政に関する条例について,委員会,○,,H30.3.23,H30.4.1,,30,3,2017.0,2018,神奈川県南足柄市
490,神奈川県,南足柄市,"南足柄市が小田原市と合併することの賛否を問う
住民投票条例",議員,○,,H29.12.13,H29.12.13,,29,12,2017.0,2017,神奈川県南足柄市
491,神奈川県,二宮町,"二宮町子どもも大人も輝く心身きらり健康づくり
条例",議員,○,,H30.2.27,H30.4.1,,30,2,2017.0,2018,神奈川県二宮町
492,神奈川県,大井町,大井町地酒で乾杯を推進する条例,議員,○,,H28.6.9,H29.11.1,,28,6,2016.0,2016,神奈川県大井町
493,新潟県,小千谷市,小千谷市手話言語条例,議員,○,,H29.12.1,H30.4.1,,29,12,2017.0,2017,新潟県小千谷市
494,新潟県,村上市,"村上市地酒等による乾杯を推進し村上市の食文化
を振興する条例",議員,○,,H29.3.17,H29.4.1,,29,3,2016.0,2017,新潟県村上市
495,新潟県,五泉市,五泉市地酒で乾杯を推進する条例,議員,○,,H28.12.2,H28.12.16,,28,12,2016.0,2016,新潟県五泉市
496,新潟県,佐渡市,佐渡市副市長定数条例の一部を改正する条例,議員,○,,H30.3.27,H30.3.29,,30,3,2017.0,2018,新潟県佐渡市
497,新潟県,佐渡市,"佐渡市特別職の職員の給与に関する条例の一部を
改正する条例",議員,○,,H30.3.27,H30.3.29,,30,3,2017.0,2018,新潟県佐渡市
498,新潟県,佐渡市,"佐渡市教育長の給与に関する条例の一部を改正す
る条例",議員,○,,H30.3.27,H30.3.29,,30,3,2017.0,2018,新潟県佐渡市
499,新潟県,胎内市,胎内市米粉の普及促進に関する条例,議員,○,,H29.6.12,H29.7.1,,29,6,2017.0,2017,新潟県胎内市
500,新潟県,阿賀町,阿賀町奨学資金基金条例(改正),委員会,○,,H30.2.7,H30.4.1,,30,2,2017.0,2018,新潟県阿賀町
501,新潟県,阿賀町,阿賀町奨学資金貸付条例(改正),委員会,○,,H30.2.7,H30.4.1,,30,2,2017.0,2018,新潟県阿賀町
502,富山県,富山市,富山市空家等の適切な管理及び活用に関する条例,委員会,○,,H29.3.22,H29.7.1,,29,3,2016.0,2017,富山県富山市
503,富山県,高岡市,高岡市商店街の活性化に関する条例,議員,○,,H29.9.19,H29.9.19,,29,9,2017.0,2017,富山県高岡市
504,石川県,金沢市,金沢市手話言語条例,議員,○,,H29.6.27,H29.6.27,,29,6,2017.0,2017,石川県金沢市
505,石川県,金沢市,金沢市歯と口の健康づくり推進条例,議員,○,,H29.9.20,H29.9.20,,29,9,2017.0,2017,石川県金沢市
506,石川県,加賀市,加賀市乾杯条例,委員会,○,,H29.3.23,H29.4.1,,29,3,2016.0,2017,石川県加賀市
507,石川県,加賀市,加賀市いじめから子どもを守る条例,委員会,○,,H29.6.26,H29.10.1,,29,6,2017.0,2017,石川県加賀市
508,石川県,加賀市,加賀市災害対策基本条例,議員,○,,H29.6.26,H29.6.26,,29,6,2017.0,2017,石川県加賀市
509,長野県,飯田市,飯田産の地酒及び果実飲料で乾杯する条例,議員,○,,H28.9.26,H28.9.30,,28,9,2016.0,2016,長野県飯田市
510,長野県,塩尻市,塩尻市ふれあいセンター条例（改正）,議員,○,,H28.6.22,H28.10.1,,28,6,2016.0,2016,長野県塩尻市
511,長野県,佐久市,佐久市清酒の普及の促進に関する条例,議員,○,,H28.12.19,H28.12.19,,28,12,2016.0,2016,長野県佐久市
512,長野県,佐久市,佐久市手話言語条例,委員会,○,,H29.12.22,H30.4.1,,29,12,2017.0,2017,長野県佐久市
513,岐阜県,羽島市,羽島市自治会への加入及び参加を促進する条例,議員,○,,H30.3.26,H30.3.26,,30,3,2017.0,2018,岐阜県羽島市
514,岐阜県,下呂市,下呂市日本酒乾杯推進条例,議員,○,,H30.3.22,H30.4.1,,30,3,2017.0,2018,岐阜県下呂市
515,岐阜県,養老町,養老町みんなで「孝子」条例,委員会,○,,H29.9.22,H29.9.22,,29,9,2017.0,2017,岐阜県養老町
516,静岡県,静岡市,"静岡市市民による自転車の安全利用の確保に関す
る条例",議員,○,,H28.12.13,H29.1.1,,28,12,2016.0,2016,静岡県静岡市
517,静岡県,富士市,富士市ユニバーサル就労の推進に関する条例,議員,○,,H29.2.15,H29.4.1,,29,2,2016.0,2017,静岡県富士市
518,静岡県,伊豆の国市,"伊豆の国市議会議員及び伊豆の国市長の選挙にお
ける選挙運動の公費負担に関する条例",議員,○,,H28.12.21,H28.12.26,,28,12,2016.0,2016,静岡県伊豆の国市
519,愛知県,豊橋市,豊橋市家庭教育支援条例,議員,○,,H29.3.29,H29.3.29,,29,3,2016.0,2017,愛知県豊橋市
520,愛知県,半田市,半田市地域公共交通条例,議員,○,,H28.5.13,H28.5.18,,28,5,2016.0,2016,愛知県半田市
521,愛知県,半田市,半田市飲酒運転根絶に関する条例,議員,○,,H28.12.16,H28.12.19,,28,12,2016.0,2016,愛知県半田市
522,愛知県,半田市,半田市振り込め詐欺等被害防止に関する条例,議員,○,,H29.7.7,H29.7.12,,29,7,2017.0,2017,愛知県半田市
523,愛知県,津島市,市長等の退職手当の特例に関する条例,議員,○,,H30.3.28,H30.4.1,,30,3,2017.0,2018,愛知県津島市
524,愛知県,大府市,「健康都市おおぶ」みんなの健康づくり推進条例,委員会,○,,H29.2.28,H29.4.1,,29,2,2016.0,2017,愛知県大府市
525,愛知県,設楽町,設楽町ホタル保護条例,議員,○,,H29.12.5,公布の日,,29,12,2017.0,2017,愛知県設楽町
526,三重県,四日市市,"四日市市幼稚園保育料及び教育委託料徴収条例の
一部改正",議員,,○,H28.10.5,H30.4.1,,28,10,2016.0,2016,三重県四日市市
527,三重県,四日市市,四日市市みんなのスポーツ応援条例,委員会,○,,H28.12.21,H29.1.1,,28,12,2016.0,2016,三重県四日市市
528,三重県,名張市,「食べてだあこ」名張のお菓子でおもてなし条例,議員,○,,H28.12.2,H28.12.2,,28,12,2016.0,2016,三重県名張市
529,三重県,鳥羽市,鳥羽市海女のまち条例,議員,○,,H29.10.2,H29.10.2,,29,10,2017.0,2017,三重県鳥羽市
530,滋賀県,大津市,大津市議会会議条例（改正）,議員,○,,H28.9.12,H28.9.12,,28,9,2016.0,2016,滋賀県大津市
531,滋賀県,大津市,大津市財産区管理会条例（改正）,議員,○,,H28.9.12,H28.9.12,,28,9,2016.0,2016,滋賀県大津市
532,滋賀県,大津市,大津市病院事業の設置等に関する条例（改正）,議員,○,,H28.9.12,H28.9.12,,28,9,2016.0,2016,滋賀県大津市
533,滋賀県,大津市,"大津市介護老人保健施設事業の設置等に関する条
例（改正）",議員,○,,H28.9.12,H28.9.12,,28,9,2016.0,2016,滋賀県大津市
534,滋賀県,大津市,"大津市水道事業、下水道事業及びガス事業の設置
等に関する条例（改正）",議員,○,,H28.9.12,H28.9.12,,28,9,2016.0,2016,滋賀県大津市
535,滋賀県,大津市,大津市議会意思決定条例,委員会,○,,H29.3.21,H29.4.1,,29,3,2016.0,2017,滋賀県大津市
536,滋賀県,彦根市,彦根市城山観覧料徴収条例の一部を改正する条例,議員,,○,H29.10.12,H29.12.11,,29,10,2017.0,2017,滋賀県彦根市
537,滋賀県,東近江市,"東近江市歯及び口腔の健康づくりの推進に関する
条例",委員会,○,,H28.9.30,H28.9.30,,28,9,2016.0,2016,滋賀県東近江市
538,滋賀県,甲良町,"甲良町特別職の職員の給与に関する条例の一部を
改正する条例",議員,○,,H28.9.5,H28.9.6,,28,9,2016.0,2016,滋賀県甲良町
539,滋賀県,甲良町,"甲良町特別職の職員の給与に関する条例の一部を
改正する条例",議員,○,,H30.3.20,H30.4.1,,30,3,2017.0,2018,滋賀県甲良町
540,京都府,木津川市,木津川市総合計画審議会条例の一部改正について,議員,○,,H29.3.24,H29.3.28,,29,3,2016.0,2017,京都府木津川市
541,大阪府,岸和田市,"市長の専決処分事項に関する条例の一部改正につ
いて",議員,○,,H30.3.23,H30.4.1,,30,3,2017.0,2018,大阪府岸和田市
542,大阪府,吹田市,"吹田市報酬及び費用弁償条例の一部を改正する条
例",議員,○,,H29.5.31,H30.4.1,,29,5,2017.0,2017,大阪府吹田市
543,大阪府,高槻市,"高槻市廃棄物処理施設の設置に係る手続の特例に
関する条例",議員,○,,H29.6.22,H29.6.23,,29,6,2017.0,2017,大阪府高槻市
544,大阪府,寝屋川市,"寝屋川市空き家等の適正管理等及び老朽危険建築
物等に係る対策の推進に関する条例",議員,○,,H28.12.19,H29.4.1,,28,12,2016.0,2016,大阪府寝屋川市
545,大阪府,和泉市,市長の専決処分事項に関する条例（改正）,議員,○,,H30.3.23,H30.3.29,,30,3,2017.0,2018,大阪府和泉市
546,大阪府,泉南市,泉南市財政調整基金条例（改正）,議員,○,,H29.12.19,H29.12.26,,29,12,2017.0,2017,大阪府泉南市
547,大阪府,河南町,"町長、副町長及び教育長の給料、手当及び旅費に
関する条例の一部を改正する条例",委員会,○,,H30.1.16,H30.2.1,,30,1,2017.0,2018,大阪府河南町
548,兵庫県,神戸市,神戸市歯科口腔保健推進条例,議員,○,,H28.10.26,H28.11.8,,28,10,2016.0,2016,兵庫県神戸市
549,兵庫県,神戸市,神戸市人と猫との共生に関する条例,議員,○,,H28.12.5,H29.4.1,,28,12,2016.0,2016,兵庫県神戸市
550,兵庫県,姫路市,姫路市手話言語条例,議員,○,,H28.12.19,H29.4.1,,28,12,2016.0,2016,兵庫県姫路市
551,兵庫県,加西市,加西市手話言語条例,議員,○,,H28.9.26,H28.10.1,,28,9,2016.0,2016,兵庫県加西市
552,兵庫県,丹波市,"丹波市中小企業・小規模企業振興基本条例の制定
について",委員会,○,,H28.9.29,H29.4.1,,28,9,2016.0,2016,兵庫県丹波市
553,兵庫県,上郡町,上郡町防犯灯設置条例,委員会,○,,H29.6.13,H29.6.13,,29,6,2017.0,2017,兵庫県上郡町
554,兵庫県,新温泉町,新温泉町ふるさと産品地産地消推進条例,議員,○,,H29.6.20,H29.7.1,,29,6,2017.0,2017,兵庫県新温泉町
555,奈良県,橿原市,橿原市市民投票条例,議員,○,,H29.12.22,"公布の日か
ら起算して
１年を超え",,29,12,2017.0,2017,奈良県橿原市
556,奈良県,桜井市,桜井市三輪素麺の普及の促進に関する条例,議員,○,,H29.6.19,H29.6.19,,29,6,2017.0,2017,奈良県桜井市
557,奈良県,五條市,"教育長の給与、勤務時間その他の勤務条件に関す
る条例の一部を改正する条例",委員会,○,,H29.12.22,H30.1.1,,29,12,2017.0,2017,奈良県五條市
558,奈良県,香芝市,香芝市受動喫煙防止条例,議員,○,,H30.3.5,H30.4.1,,30,3,2017.0,2018,奈良県香芝市
559,和歌山県,和歌山市,"和歌山市長期総合計画審議会条例の一部を改正す
る条例の制定について",議員,○,,H28.7.1,H28.7.4,,28,7,2016.0,2016,和歌山県和歌山市
560,和歌山県,橋本市,橋本市手話言語条例,委員会,○,,H29.3.24,H29.4.1,,29,3,2016.0,2017,和歌山県橋本市
561,和歌山県,有田市,有田市観光・シティプロモーション条例,議員,○,,H29.3.24,H29.4.1,,29,3,2016.0,2017,和歌山県有田市
562,和歌山県,新宮市,新宮市名誉市民条例（改正）,議員,○,,H29.12.5,H29.12.7,"議員提案により、
市長へ名誉市民の
候補者の推挙を可
能とした",29,12,2017.0,2017,和歌山県新宮市
563,鳥取県,鳥取市,鳥取市地酒で乾杯条例,委員会,○,,H28.6.27,H28.6.28,,28,6,2016.0,2016,鳥取県鳥取市
564,鳥取県,倉吉市,倉吉市地酒で乾杯条例,議員,○,,H29.6.26,H29.6.30,,29,6,2017.0,2017,鳥取県倉吉市
565,鳥取県,若桜町,若桜の食文化の継承及び振興に関する条例,議員,○,,H28.9.23,H28.11.8,,28,9,2016.0,2016,鳥取県若桜町
566,鳥取県,八頭町,八頭町交通安全条例,議員,○,,H29.6.20,H29.6.20,,29,6,2017.0,2017,鳥取県八頭町
567,鳥取県,日南町,"日南町いきいき定住促進条例の一部改正に関する
条例",委員会,○,,H29.1.20,H29.1.20,,29,1,2016.0,2017,鳥取県日南町
568,鳥取県,日南町,"日南町意欲ある農業者支援条例の一部改正に関す
る条例",委員会,○,,H29.3.24,H29.3.24,,29,3,2016.0,2017,鳥取県日南町
569,鳥取県,日南町,"日南町いきいき定住促進条例の一部を改正する条
例の一部改正に関する条例",委員会,○,,H29.3.24,H29.3.24,,29,3,2016.0,2017,鳥取県日南町
570,島根県,浜田市,浜田市中小企業・小規模企業振興基本条例,議員,○,,H29.10.3,H29.10.3,,29,10,2017.0,2017,島根県浜田市
571,島根県,浜田市,浜田市地酒で乾杯条例,委員会,○,,H29.10.3,H29.10.3,,29,10,2017.0,2017,島根県浜田市
572,島根県,出雲市,出雲市地場中小企業・小規模企業振興基本条例,議員,○,,H29.3.15,H29.3.16,,29,3,2016.0,2017,島根県出雲市
573,島根県,益田市,ますだ食と農の市民条例,議員,○,,H29.12.21,H29.12.21,,29,12,2017.0,2017,島根県益田市
574,岡山県,久米南町,久米南町火葬場使用料補助金交付条例,委員会,○,,H30.3.15,H30.4.16,,30,3,2017.0,2018,岡山県久米南町
575,広島県,広島市,広島市ぽい捨て等の防止に関する条例（改正）,議員,○,,H28.9.30,H30.4.1,,28,9,2016.0,2016,広島県広島市
576,広島県,福山市,福山市子ども及び妊婦を受動喫煙から守る条例,議員,○,,H30.3.27,H30.4.1,,30,3,2017.0,2018,広島県福山市
577,広島県,東広島市,東広島市産業振興基本条例,委員会,○,,H29.6.21,H29.6.29,,29,6,2017.0,2017,広島県東広島市
578,山口県,山口市,山口市子ども・子育て条例,議員,○,,H29.12.15,H30.4.1,,29,12,2017.0,2017,山口県山口市
579,山口県,岩国市,"岩国市中小企業、小規模企業及び小企業振興基本
条例",委員会,○,,H28.9.29,H28.10.1,,28,9,2016.0,2016,山口県岩国市
580,徳島県,那賀町,那賀町ネコの愛護及び管理に関する条例,委員会,○,,H29.3.17,H29.4.1,,29,3,2016.0,2017,徳島県那賀町
581,徳島県,那賀町,那賀町住宅改修助成条例,議員,○,,H29.9.19,H29.9.20,,29,9,2017.0,2017,徳島県那賀町
582,香川県,多度津町,多度津駅周辺の活性化に関する条例,議員,○,,H29.6.14,H29.6.14,,29,6,2017.0,2017,香川県多度津町
583,愛媛県,松山市,"松山の地酒の普及並びに食文化の継承及び振興に
関する条例",議員,○,,H29.7.5,H29.7.12,,29,7,2017.0,2017,愛媛県松山市
584,高知県,高知市,"地方自治法第96条第２項の規定による議会の議決
すべき事件を定める条例（改正）",議員,○,,H30.3.23,H30.4.1,,30,3,2017.0,2018,高知県高知市
585,高知県,香美市,香美市産業振興条例(改正）,委員会,○,,H28.6.24,H28.6.24,,28,6,2016.0,2016,高知県香美市
586,福岡県,北九州市,北九州市官民データ活用推進基本条例,議員,○,,H29.12.8,H29.12.20,,29,12,2017.0,2017,福岡県北九州市
587,福岡県,福岡市,福岡市空家等の適切な管理に関する条例,議員,○,,H28.12.22,H29.4.1,,28,12,2016.0,2016,福岡県福岡市
588,福岡県,飯塚市,飯塚市中小企業振興基本条例（改正）,議員,○,,H29.3.21,H29.4.1,,29,3,2016.0,2017,福岡県飯塚市
589,福岡県,飯塚市,飯塚市中小企業振興基本条例（改正）,議員,○,,H29.3.21,H29.4.1,,29,3,2016.0,2017,福岡県飯塚市
590,福岡県,志免町,志免町飲酒運転撲滅に関する条例,議員,○,,H28.12.13,H28.12.13,,28,12,2016.0,2016,福岡県志免町
591,福岡県,志免町,志免町受動喫煙防止条例,議員,,○,H30.3.22,H30.4.1,,30,3,2017.0,2018,福岡県志免町
592,福岡県,小竹町,小竹町議会委員会条例の一部を改正する条例,委員会,○,,H29.6.20,H29.4.1,,29,6,2017.0,2017,福岡県小竹町
593,福岡県,東峰村,東峰村小規模企業振興基本条例,議員,○,,H30.3.28,H30.4.1,,30,3,2017.0,2018,福岡県東峰村
594,佐賀県,伊万里市,"伊万里市政に係る基本的な計画の策定等の手続き
に関する条例",委員会,○,,H30.3.22,H30.4.1,,30,3,2017.0,2018,佐賀県伊万里市
595,佐賀県,嬉野市,嬉野市文化の香り高い読書のまち活動推進条例,議員,○,,H29.6.19,H29.7.1,,29,6,2017.0,2017,佐賀県嬉野市
596,佐賀県,嬉野市,嬉野市おもてなし条例,議員,○,,H29.12.15,H29.12.19,,29,12,2017.0,2017,佐賀県嬉野市
597,長崎県,小値賀町,小値賀町議会基本条例,委員会,○,,H28.6.21,H28.7.1,,28,6,2016.0,2016,長崎県小値賀町
598,長崎県,小値賀町,小値賀町議会通年の会期制条例,委員会,○,,H28.6.22,H28.6.24,,28,6,2016.0,2016,長崎県小値賀町
599,長崎県,小値賀町,小値賀町議会委員会条例の一部を改正する条例,委員会,○,,H28.6.22,H28.7.1,,28,6,2016.0,2016,長崎県小値賀町
600,長崎県,小値賀町,"地方創生の推進のための小値賀町議会議員の報酬
及び費用弁償等に関する条例の特例を定める条例
を廃止する条例",議員,○,,H30.3.15,H30.3.23,,30,3,2017.0,2018,長崎県小値賀町
601,熊本県,菊池市,菊池市中小企業振興基本条例（改正）,議員,○,,H29.9.29,H29.9.29,,29,9,2017.0,2017,熊本県菊池市
602,熊本県,菊池市,菊池市政治倫理条例（改正）,委員会,○,,H29.9.29,H29.9.29,,29,9,2017.0,2017,熊本県菊池市
603,熊本県,和水町,"菊水区域小中学校校舎建設事業に関する住民投票
条例",議員,○,,H28.7.20,H28.8.10,,28,7,2016.0,2016,熊本県和水町
604,大分県,宇佐市,"千年ロマンへと想いをはせ、海の幸、山の幸、自
然豊かな宇佐のチカラの恵みを未来へと紡ぎ広め
る条例",議員,○,,H28.12.21,H29.1.1,,28,12,2016.0,2016,大分県宇佐市
605,大分県,豊後大野市,豊後大野市の大地の恵みで乾杯条例,委員会,○,,H29.3.16,H29.4.1,,29,3,2016.0,2017,大分県豊後大野市
606,大分県,日出町,日出町議会委員会条例（改正）,委員会,○,,H29.3.17,H29.4.1,,29,3,2016.0,2017,大分県日出町
607,宮崎県,川南町,川南湿原植物群落保護条例,議員,○,,H29.6.19,H30.4.1,,29,6,2017.0,2017,宮崎県川南町
608,鹿児島県,大崎町,大崎町小規模企業振興基本条例,議員,,○,H28.6.23,H28.6.23,,28,6,2016.0,2016,鹿児島県大崎町
609,鹿児島県,肝付町,"肝付町放射性廃棄物等受入拒否及び原子力関連施
設等の立地拒否に関する条例",委員会,○,,H30.3.5,H30.3.5,,30,3,2017.0,2018,鹿児島県肝付町
610,沖縄県,浦添市,"浦添市手話言語等コミュニケーション手段の利用
促進に関する条例",議員,○,,H28.12.14,H29.4.1,,28,12,2016.0,2016,沖縄県浦添市
2,北海道,札幌市,札幌市環境負荷の低減等のための住志リフオ ムの促進 関する条 ,議員,O,,21 11 26,22 4 1,,21,11,2009.0,2009,北海道札幌市
3,北海道,小樽市,小樽市住志リフオ ム助成条 ,委員 ,O,,23 9 26,24 4 1,27 3 31限りで失効,23,9,2011.0,2011,北海道小樽市
4,北海道,北見市,北見市住志改 促進助成条 ,議員,O,,22 3 5,22 6 17,,22,3,2009.0,2010,北海道北見市
5,北海道,北広島市,北広島市住志リフオ ム助成 関する条 ,議員,O,,22 12 17,23 4 1,,22,12,2010.0,2010,北海道北広島市
6,北海道,森町,森町広報委員 条 の 部を改正する条 ,議員,O,,23 3 24,23 4 1,,23,3,2010.0,2011,北海道森町
7,北海道,森町,森町顕彰条 制 ,議員,O,,22 9 16,22 11 1,,22,9,2010.0,2010,北海道森町
8,北海道,洞爺湖町,洞爺湖町選挙 報の発  関する条 ,議員,O,,22 12 20,22 12 20,,22,12,2010.0,2010,北海道洞爺湖町
9,北海道,浦河町,非 勤特別職の職員の議員報酬 報酬及び費用弁償 関する条 の 部を改正する条 ,議員,O,,23 3 22,23 5 1,,23,3,2010.0,2011,北海道浦河町
11,北海道,中札内村,中札内村敬老祝金等条 の 部を改正する条 ,議員,,O,23 9 7,23 9 9,,23,9,2011.0,2011,北海道中札内村
12,北海道,池田町,池田町都市計画税条 を廃正する条 ,議員,O,,23 3 5,24 4 1,,23,3,2010.0,2011,北海道池田町
14,岩手県,盛岡市,盛岡市商店街の活性化 関する条 ,議員,O,,22 9 29,22 9 29,,22,9,2010.0,2010,岩手県盛岡市
15,岩手県, 一関市,一関市産業振興基本条 ,議員,,O,21 8 18,21 10 1,,21,8,2009.0,2009,岩手県一関市
16,岩手県,八幡平市,八幡平市議 議員及び市長の選挙 おける選挙運動の   関する条 ,議員,O,,23 12 16,23 12 20,,23,12,2011.0,2011,岩手県八幡平市
17,岩手県,奥州市,奥州市子どもの権利 関する条 ,議員,O,,23 12 19,24 4 1,,23,12,2011.0,2011,岩手県奥州市
18,宮城県,自石市,自石市議 の議員及び自石市長の選挙 おける電磁的記録式投 機 よる投  関する条 (改正),議員,O,,22 9 17,22 9 17,,22,9,2010.0,2010,宮城県自石市
19,宮城県,柴田町,柴田町男女共同参画推進条 ,議員,O,,24 1 20,24 4 1,,24,1,2011.0,2012,宮城県柴田町
20,福島県,西郷村,西郷村原子カ   策審議 条 ,議員,O,,24 3 21,24 4 27,,24,3,2011.0,2012,福島県西郷村
21,茨城県,取手市,取手市教 委員 の委員の 数を増加する条 を廃正する条  ついて,議員,O,,21 9 10,21 12 14,,21,9,2009.0,2009,茨城県取手市
22,群馬県,東吾妻町,東吾妻町長及び 町長の  与支 条 の 部を改正する条  ついて,委員 ,O,,21 5 14,21 6 1,,21,5,2009.0,2009,群馬県東吾妻町
23,群馬県,東吾妻町,東吾妻町職員の 与の特  関する条 の 部を改正する条  ついて,委員 ,O,,22 3 19,22 4 1,,22,3,2009.0,2010,群馬県東吾妻町
24,埼玉県,さいたま市,さいたま市商業等の振興 関する条 ,議員,O,,23 3 4,23 4 1,,23,3,2010.0,2011,埼玉県さいたま市
25,埼玉県,さいたま市,さいたま市の議 と執 機関との 割を踏まえた適正な 政運 の確保のための いたま市名 市民条 等の 部を改正する条 ,議員,O,,23 5 11,23 5 16,,23,5,2011.0,2011,埼玉県さいたま市
26,埼玉県,さいたま市,さいたま市下水紀事業審議 条 の 部を改正する条 ,議員,O,,23 5 11,23 5 16,,23,5,2011.0,2011,埼玉県さいたま市
27,埼玉県,さいたま市,さいたま市水紀事業審議 条 の 部を改正する条 ,議員,O,,23 5 11,23 5 16,,23,5,2011.0,2011,埼玉県さいたま市
28,埼玉県,さいたま市,さいたま市しら ぎ荘条 の 部を改正する条 ,議員,O,,23 12 22,24 4 1,,23,12,2011.0,2011,埼玉県さいたま市
29,埼玉県,熊谷市,熊谷市スポ ツ振興まちづくり条 ,議員,O,,23 3 17,23 4 1,,23,3,2010.0,2011,埼玉県熊谷市
30,埼玉県,川ロ市,川ロ市中小 業振興条 ,議員,O,,22 3 23,22 4 1,,22,3,2009.0,2010,埼玉県川ロ市
31,埼玉県,川ロ市,川ロ市歯科ロ腔保健の推進 関する条 ,議員,O,,24 3 23,24 4 1,,24,3,2011.0,2012,埼玉県川ロ市
32,埼玉県,上尾市,上尾市人と動物との 和のとれた共生 関する条,議員,O,,22 6 24,22 7 1,,22,6,2010.0,2010,埼玉県上尾市
33,埼玉県,越谷市,越谷市職員の 与 関する条 の 部を改正する条 の 部を改正する条 ,議員,O,,21 9 24,21 10 5,,21,9,2009.0,2009,埼玉県越谷市
34,埼玉県,戸田市,戸田市中小 業振興条 ,委員 ,O,,23 2 7,23 4 1,,23,2,2010.0,2011,埼玉県戸田市
35,埼玉県,蓮田市,蓮田市紀路占用 可基準及び紀路占用 徴収条 の 部を改正する条 ,議員,O,,21 9 25,21 9 29,,21,9,2009.0,2009,埼玉県蓮田市
36,埼玉県,鶴ヶ島市,議案第33血鶴ケ島市女性センタ 条 の 部を改正する条   する 正案,議員,O,,22 6 15,22 7 1,,22,6,2010.0,2010,埼玉県鶴ヶ島市
37,埼玉県,嵐山町,緑と清流オオムフサキが舞フ風山町ストシプ温暖化条 ,委員 ,O,,23 6 10,23 9 1,,23,6,2011.0,2011,埼玉県嵐山町
38,千葉県,柏市,柏市がん 策基本条 の制  ついて,議員,O,,23 3 18,23 3 28,,23,3,2010.0,2011,千葉県柏市
39,千葉県,柏市,柏市自  策推進条 の制  ついて,議員,O,,23 6 22,23 6 27,,23,6,2011.0,2011,千葉県柏市
40,千葉県,柏市,柏市空き家等適正 理条 の制  ついて,委員 ,O,,23 6 22,23 9 1,,23,6,2011.0,2011,千葉県柏市
41,千葉県,市原市,市原市民 元気な笑顔を広げる地産地消推進条の制  ついて,議員,O,,21 9 11,21 10 1,,21,9,2009.0,2009,千葉県市原市
42,千葉県,流山市,流山市空き屋等の適正 理 関する条 ,議員,O,,23 12 16,24 4 1,,23,12,2011.0,2011,千葉県流山市
43,千葉県,八千代市,八千代市政 倫理条 (改正う,議員,O,,23 6 23,23 7 1,,23,6,2011.0,2011,千葉県八千代市
44,千葉県,匝瑳市,匝瑳市がん 策推進条 ,議員,O,,22 9 21,22 10 1,,22,9,2010.0,2010,千葉県匝瑳市
45,東京都,中野区,中野区折 園条 の 部を改正する条 ,委員 ,,O,23 12 14,24 4 1,,23,12,2011.0,2011,東京都中野区
46,東京都,江戸川区,江戸川区歩 喫煙及びポイ捨ての防正等 関する条 ,議員,O,,23 10 27,24 1 1,,23,10,2011.0,2011,東京都江戸川区
47,東京都,調布市,調布市折  クフブ条 (改正う,議員,,O,23 3 22,23 4 1,,23,3,2010.0,2011,東京都調布市
48,東京都,町田市,町田市市税条 の 部を改正する条 ,議員,O,,23 8 30,24 4 1,,23,8,2011.0,2011,東京都町田市
49,東京都,国立市,国立市次世代 引き継ぐ環境基本条 ,議員,O,,22 6 22,23 1 1,,22,6,2010.0,2010,東京都国立市
50,東京都,福生市,福生市清潔で美しいまちづくり条 ,議員,O,,22 12 3,23 7 1,,22,12,2010.0,2010,東京都福生市
51,神奈川県,横浜市,横浜市中小 業振興基本条 ,議員,O,,22 3 26,22 4 1,,22,3,2009.0,2010,神奈川県横浜市
52,神奈川県,横浜市,横浜市 勤特別職職員の  及び手当 関する条 (改正う,議員,O,,22 5 27,22 6 4,,22,5,2010.0,2010,神奈川県横浜市
53,神奈川県,横浜市,横浜市地域の絆をはぐくみ 地域で支え フ社の構築を促進する条 ,議員,O,,23 3 18,23 3 25,,23,3,2010.0,2011,神奈川県横浜市
54,神奈川県,川崎市,川崎市避難所の機 整備及び円滑な 理運  関する条 の制  ついて,委員 ,O,,23 3 16,23 3 24,,23,3,2010.0,2011,神奈川県川崎市
55,神奈川県,横須賀市,横須賀市中小 業振興基本条 ,議員,O,,23 11 30,24 4 1,,23,11,2011.0,2011,神奈川県横須賀市
56,神奈川県,鎌倉市,鎌倉市自転 の安全利用を促進する条 ,議員,O,,24 3 7,24 4 1,同条 第9条の規  ついては25 4 1施 ,24,3,2011.0,2012,神奈川県鎌倉市
57,神奈川県,藤沢市,藤沢市地産地消の推進 関する条 ,議員,O,,21 9 14,21 9 24,,21,9,2009.0,2009,神奈川県藤沢市
58,神奈川県,逗子市,逗子市社 福祉法人の助成 関する条 の制  ついて,議員,O,,23 9 30,23 10 7,,23,9,2011.0,2011,神奈川県逗子市
59,神奈川県,大磯町,大磯町旧折田茂邸再建基金条 ,議員,O,,21 7 1,21 7 1,,21,7,2009.0,2009,神奈川県大磯町
60,神奈川県,松田町,松田町寄ロウ イ園の設置及び 理 関する条 ,委員 ,,O,23 3 17,23 3 25,,23,3,2010.0,2011,神奈川県松田町
61,神奈川県,湯河原町,湯河原町人と地域の絆を む条 ,議員,O,,24 3 5,24 3 5,,24,3,2011.0,2012,神奈川県湯河原町
62,新潟県,上越市,上越市中山間地域振興基本条 ,議員,O,,23 6 24,23 6 24,,23,6,2011.0,2011,新潟県上越市
63,石川県,加賀市,加賀市市民主 条 ,議員,O,,24 3 23,24 4 1,,24,3,2011.0,2012,石川県加賀市
64,石川県,羽昨市,羽昨市住民投 条 ,議員,O,,22 12 15,23 1 1,,22,12,2010.0,2010,石川県羽昨市
65,石川県,内灘町,内灘町子どもの権利条 ,議員,,O,23 12 15,24 1 1,,23,12,2011.0,2011,石川県内灘町
66,石川県,内灘町,内灘町  金支 条 ,議員,,O,24 3 22,24 3 30,,24,3,2011.0,2012,石川県内灘町
67,長野県,長野市,長野市商店街の活性化 関する条 ,議員,O,,22 3 24,22 3 30,,22,3,2009.0,2010,長野県長野市
68,長野県,岡谷市,岡谷市リサイクル基金条 ,議員,O,,24 3 14,(25 4 1),,24,3,2011.0,2012,長野県岡谷市
69,長野県,飯田市,飯田市自 基本条 (改正う,委員 ,O,,23 11 30,23 11 30,,23,11,2011.0,2011,長野県飯田市
70,長野県,千曲市,千曲市食  農業 農村基本条 ,議員,O,,21 12 16,22 4 1,,21,12,2009.0,2009,長野県千曲市
71,長野県,千曲市,千曲市男女共同参画推進条 ,議員,O,,24 2 29,24 3 6,,24,2,2011.0,2012,長野県千曲市
72,長野県,安曇野市,安曇野市の適正な土地利用 関する条 ,委員 ,,O,22 9 22,23 4 1,,22,9,2010.0,2010,長野県安曇野市
73,長野県,高森町,高森町政 倫理条 ,委員 ,O,,23 6 21,23 10 1,,23,6,2011.0,2011,長野県高森町
74,長野県,小川村,小川村ポイ捨て等の防正 関する条 ,議員,O,,23 6 17,23 7 1,,23,6,2011.0,2011,長野県小川村
75,静岡県,静岡市,静岡市ものづくり産業振興条 ,議員,O,,23 3 22,23 4 1,23 9 1部施 ,23,3,2010.0,2011,静岡県静岡市
76,愛知県,名古屋市,名古屋市市民税減税条 (改正う,議員,O,,22 3 24,22 3 31,,22,3,2009.0,2010,愛知県名古屋市
77,愛知県,名古屋市,使用 の増額等 係る市民 の周知期間の確保 関する条 ,議員,,O,22 3 24,22 4 1,,22,3,2009.0,2010,愛知県名古屋市
78,愛知県,名古屋市,名古屋市 開事業審査の実施 関する条 ,議員,,O,22 6 29,24 3 7,22 9 28 きの議決のとおり議決,22,6,2010.0,2010,愛知県名古屋市
79,愛知県,名古屋市,予算編成の透明性の確保と市民 見の予算 の反映 関する条 ,議員,,O,22 6 29,22 7 28,,22,6,2010.0,2010,愛知県名古屋市
80,愛知県,名古屋市,名古屋市集団回収 おける古紙の持去り防正 関する条 ,議員,O,,23 12 7,24 7 1,24 10 1部施 ,23,12,2011.0,2011,愛知県名古屋市
81,愛知県,名古屋市,名古屋市 開事業審査の実施 関する条 (改正う,議員,O,,24 3 7,24 3 7,,24,3,2011.0,2012,愛知県名古屋市
82,愛知県,名古屋市,名古屋市がん 策推進条 ,議員,O,,24 3 19,24 3 28,,24,3,2011.0,2012,愛知県名古屋市
83,愛知県,大府市,「健 都市おおぶコみんなで美しいまちをつくる条,議員,O,,21 12 18,22 4 1,,21,12,2009.0,2009,愛知県大府市
84,愛知県,高浜市,高浜市みんなで犯罪のないまち しよフ条 ,議員,O,,23 3 23,23 7 1,,23,3,2010.0,2011,愛知県高浜市
85,愛知県,豊明市,豊明市協働のまちづくりをすすめる地域社 活動推進条 ,議員,O,,22 3 22,22 4 1,,22,3,2009.0,2010,愛知県豊明市
86,愛知県,豊明市,豊明市特別職の職員で非 勤の者の報酬及び費用弁償 関する条 (改正う,委員 ,,O,24 3 22,24 4 1,,24,3,2011.0,2012,愛知県豊明市
87,愛知県,豊明市,豊明市国民健 保険条 (改正う,議員,,O,24 3 22,24 4 1,,24,3,2011.0,2012,愛知県豊明市
88,愛知県,あま市,あま市歯とロ腔の健 づくり推進条 ,議員,O,,22 12 22,23 4 1,,22,12,2010.0,2010,愛知県あま市
89,愛知県,扶桑町,扶桑町子ども医療費条 の 部を改正する条 ,議員,O,,23 12 21,25 1 1,,23,12,2011.0,2011,愛知県扶桑町
90, 三重県,鈴鹿市,すずかの地産地消推進条 ,議員,O,,23 2 24,23 4 1,,23,2,2010.0,2011,三重県鈴鹿市
91, 三重県,伊賀市,伊賀市あき地の雑草等の除去 関する条 (改正う,議員,O,,23 3 24,23 4 1,,23,3,2010.0,2011,三重県伊賀市
92,滋賀県,大津市,大津市防災 策推進条 ,委員 ,O,,22 3 19,22 4 1,,22,3,2009.0,2010,滋賀県大津市
93,滋賀県,栗東市,栗東市路E喫煙の防正 関する条 ,議員,O,,24 3 23,24 10 1,,24,3,2011.0,2012,滋賀県栗東市
94,滋賀県,豊郷町,豊郷町職員の旅費 関する条 (改正う,議員,O,,22 3 18,22 4 1,,22,3,2009.0,2010,滋賀県豊郷町
95,滋賀県,豊郷町,豊郷町 護保険条 (改正う,議員,,O,24 3 22,24 4 1,,24,3,2011.0,2012,滋賀県豊郷町
96,京都府,京都市,京都市自転 安心安全条 ,議員,,O,22 10 28,22 12 17,,22,10,2010.0,2010,京都府京都市
97,京都府,向日市,向日市水紀事業 水 理条 (改正う,議員,,O,23 3 17,23 4 1,,23,3,2010.0,2011,京都府向日市
99,京都府,精華町,精華町情報 開条 (改正う,議員,O,,23 3 29,23 4 1,,23,3,2010.0,2011,京都府精華町
100,大阪府,大阪市,大阪市児 を虐待から り子 てを支援する条 ,議員,O,,22 12 14,22 12 15,,22,12,2010.0,2010,大阪府大阪市
101,大阪府,大阪市,大阪市中小 業振興基本条 ,議員,O,,23 10 25,23 11 1,,23,10,2011.0,2011,大阪府大阪市
102,大阪府,堺市,堺市子どもを虐待から る条 ,議員,O,,23 6 23,23 6 23,,23,6,2011.0,2011,大阪府堺市
103,大阪府,吹田市,吹田市 市長等の  及び期末手当の特  関する条 の制  ついて,議員,O,,23 10 19,23 10 28,,23,10,2011.0,2011,大阪府吹田市
104,大阪府,吹田市,吹田市 市長等の退職手当の特  関する条 の制  ついて,議員,O,,23 10 19,23 10 28,,23,10,2011.0,2011,大阪府吹田市
105,大阪府,貝塚市,貝塚市の環境整備と活性化をめ逢し 住みよいまちを作るための条 ,議員,O,,24 3 15,24 3 30,,24,3,2011.0,2012,大阪府貝塚市
106,大阪府,守口市,守ロ市 幼児医療の助成 関する条 の 部を改正する条 (改正う,議員,O,,22 6 14,22 6 16,,22,6,2010.0,2010,大阪府守口市
107,大阪府,守口市,守口市大日東町地区地区計画の区域内 おける建築物の制限 関する条 の 部を改正する条 (改正う,議員,O,,23 10 24,23 10 25,,23,10,2011.0,2011,大阪府守口市
108,大阪府,大東市,大東市住エ 和条 ,議員,O,,22 5 11,22 10 1,,22,5,2010.0,2010,大阪府大東市
109,大阪府,羽曳野市,羽曳野市自転 の安全な利用の促進 関する条 ,議員,O,,24 3 28,24 4 1,,24,3,2011.0,2012,大阪府羽曳野市
110,大阪府,藤井寺市,藤井寺市議 議員政 倫理条 ,議員,O,,23 11 30,24 1 1,,23,11,2011.0,2011,大阪府藤井寺市
111,大阪府,大阪狭山市,大阪狭山市水紀事業 水条 の 部を改正する条,議員,O,,22 3 26,22 7 1,,22,3,2009.0,2010,大阪府大阪狭山市
112,大阪府,千早赤阪村 ,千早赤阪村事務分 条 の改正 ついて(改正う,議員,O,,21 12 11,21 12 11,,21,12,2009.0,2009,大阪府千早赤阪村
113,大阪府,千早赤阪村 ,千早赤阪村議  議規則の改正 ついて(改正う,議員,O,,21 12 11,21 12 11,,21,12,2009.0,2009,大阪府千早赤阪村
114,大阪府,千早赤阪村,千早赤阪村議 議員 数条 の改正 ついて(改正う,議員,O,,22 3 25,22 3 25,,22,3,2009.0,2010,大阪府千早赤阪村
115,兵庫県,西宮市,西宮市第 セクタ 等 の関与 関する条 ,議員,O,,23 12 21,24 3 31,,23,12,2011.0,2011,兵庫県西宮市
116,兵庫県,西脇市,西脇市の地域医療を る条 ,委員 ,O,,23 12 2,24 4 1,,23,12,2011.0,2011,兵庫県西脇市
117,兵庫県,高砂市,高砂市子どもを虐待から る条 ,議員,O,,23 6 2,23 6 10,,23,6,2011.0,2011,兵庫県高砂市
118,兵庫県,播磨町,播磨町まちをきれい する条 ,議員,,O,22 12 7,23 4 1,,22,12,2010.0,2010,兵庫県播磨町
119,奈良県,大和郡山市 ,大和郡山市生活習慣病予防施策推進条 ,議員,O,,23 3 14,23 4 1,,23,3,2010.0,2011,奈良県大和郡山市
120,奈良県,橿原市,橿原市ペシト電園の設置の 可等 関する条 ,議員,O,,23 3 2,23 4 1,,23,3,2010.0,2011,奈良県橿原市
121,奈良県,宇陀市,宇陀市名 市民条 ,議員,,O,23 12 20,23 12 26,,23,12,2011.0,2011,奈良県宇陀市
122,奈良県,宇陀市,宇陀市政 倫理条 ,委員 ,O,,21 6 11,21 6 12,,21,6,2009.0,2009,奈良県宇陀市
123,奈良県,広陵町,広陵町団体補助金等適正化条 ,議員,O,,23 12 16,24 1 1,,23,12,2011.0,2011,奈良県広陵町
124,鳥取県,鳥取市,鳥取市庁起整備 関する住民投 条 ,議員,O,,24 3 22,24 3 22,,24,3,2011.0,2012,鳥取県鳥取市
125,鳥取県,日南町,日南町再生可 エ ルギ 利用促進条 ,議員,O,,23 12 20,24 1 1,,23,12,2011.0,2011,鳥取県日南町
126,鳥取県,日南町,日南町いきいき 住促進条 ,議員,O,,23 12 20,24 4 1,,23,12,2011.0,2011,鳥取県日南町
127,鳥取県,日南町,日南町総 計画策 条 ,議員,O,,24 3 26,24 4 1,,24,3,2011.0,2012,鳥取県日南町
128,島根県,益田市,地域医療推進条 ,議員,O,,23 6 16,23 6 16,,23,6,2011.0,2011,島根県益田市
129,島根県,安来市,安来市民の歯とロ腔の健 づくり推進条 ,議員,O,,23 12 1,23 12 6,,23,12,2011.0,2011,島根県安来市
130,岡山県,岡山市,地域主体 よる生物多様性の保全を推進する条 ,議員,O,,22 3 19,22 4 1,,22,3,2009.0,2010,岡山県岡山市
131,岡山県,岡山市,岡山市がん 策推進条 ,議員,O,,23 3 11,23 4 1,,23,3,2010.0,2011,岡山県岡山市
132,岡山県,総社市,総社市新生活 通の運  関する条 (改正う,委員 ,O,,24 3 21,24 3 23,,24,3,2011.0,2012,岡山県総社市
133,広島県,府中市,府中市の地域医療を り てる基本条 ,議員,O,,22 9 24,22 9 24,,22,9,2010.0,2010,広島県府中市
134,広島県,世羅町,世羅町生活環境保全等 関する条 の 部を改正する条 ,議員,O,,22 12 21,23 4 1,,22,12,2010.0,2010,広島県世羅町
135,山ロ県,下関市,下関市スポ ツ振興のまちづくり基本条 ,議員,O,,22 3 26,22 3 29,,22,3,2009.0,2010,山ロ県下関市
136,山ロ県,山ロ市,山ロ市ぶる と産業振興条 ,議員,O,,24 3 21,24 3 21,,24,3,2011.0,2012,山ロ県山ロ市
137,山ロ県,防府市,防府市住民投 条 中改正 ついて,議員,O,,23 3 25,23 3 31,,23,3,2010.0,2011,山ロ県防府市
138,山ロ県,岩国市,岩国市ぶる と産業振興条 ,議員,O,,21 9 29,21 9 30,,21,9,2009.0,2009,山ロ県岩国市
139,徳島県,勝浦町,勝浦町 査委員条 (全部改正う,議員,O,,24 3 15,24 3 19,,24,3,2011.0,2012,徳島県勝浦町
140,香川県,丸亀市,丸亀市産業振興条 ,委員 ,O,,23 3 24,23 4 1,,23,3,2010.0,2011,香川県丸亀市
141,愛媛県,松野町,松野町  町長を置かない との条 ,議員,O,,22 9 30,22 11 1,,22,9,2010.0,2010,愛媛県松野町
142,愛媛県,松野町,松野町政 倫理条 の 部を改正する条 ,議員,,O,22 12 24,23 4 1,,22,12,2010.0,2010,愛媛県松野町
143,高知県,高知市,高知市歩きた  等の防正 関する条 ,議員,,O,22 6 11,23 2 1,,22,6,2010.0,2010,高知県高知市
144,高知県,本山町,本山町防災基本条 ,議員,O,,21 12 18,22 4 1,,21,12,2009.0,2009,高知県本山町
145,高知県,大豊町,大豊町集落環境維持条 ,委員 ,O,,21 12 18,22 4 1,,21,12,2009.0,2009,高知県大豊町
146,高知県,大川村,大川村第 セクタ 等 の関与 関する条 ,議員,O,,24 3 16,24 3 16,,24,3,2011.0,2012,高知県大川村
147,高知県,四万十町,四万十町選挙 報条 ,議員,O,,22 11 24,23 1 1,,22,11,2010.0,2010,高知県四万十町
148,福岡県,福岡市,共 通空自地等及び移動制約者 係る生活 通の確保 関する条,議員,O,,22 3 26,22 12 28,,22,3,2009.0,2010,福岡県福岡市
149,福岡県,中間市,中間市放置自転 の処理 関する条 ,委員 ,O,,23 3 25,23 10 1,,23,3,2010.0,2011,福岡県中間市
150,福岡県,太宰府市,太宰府古都 みらい基金条 ,委員 ,O,,21 9 17,22 4 1,,21,9,2009.0,2009,福岡県太宰府市
151,福岡県,須恵町,須恵町飼い犬 猫のぶん 等の防正 関する条 ,議員,O,,22 6 17,22 9 1,,22,6,2010.0,2010,福岡県須恵町
152,福岡県,新宮町,新宮町深夜花火規制条 ,議員,O,,22 6 18,22 7 1,,22,6,2010.0,2010,福岡県新宮町
153,福岡県,桂川町,桂川町政 倫理条 ,委員 ,O,,22 9 14,23 1 1,,22,9,2010.0,2010,福岡県桂川町
154,長崎県,佐世保市,佐世保市暴カ団排除条 ,委員 ,O,,24 2 17,24 4 1,,24,2,2011.0,2012,長崎県佐世保市
155,長崎県,対馬市,対馬市折 校適正規模 適正 置等検 委員 条,議員,O,,21 6 25,21 7 10,,21,6,2009.0,2009,長崎県対馬市
156,長崎県,壱岐市,指 外来種等 よる生 系等 係る被 の防正 関する条 ,議員,,O,23 12 16,24 4 1,,23,12,2011.0,2011,長崎県壱岐市
157,大分県,大分市,大分市子ども条 ,議員,O,,23 3 11,23 5 5,,23,3,2010.0,2011,大分県大分市
158,大分県,臼杵市,ほんまもんの里みんなでつくる御桁市食と農業基本条 ,議員,O,,22 3 2,22 4 1,,22,3,2009.0,2010,大分県臼杵市
159,宮崎県,延岡市,延岡市職員等の旅費及び費用弁償 関する条 (改正う,委員 ,O,,22 6 24,22 6 25,,22,6,2010.0,2010,宮崎県延岡市
160,宮崎県,日南市,日南市南那珂郡北郷町及び同郡南郷町の廃置分伴フ地域自 区の設置 関する協議 よりめられた事項を赤更する条  ,議員,O,,23 3 2,23 3 2,,23,3,2010.0,2011,宮崎県日南市
161,宮崎県,美郷町,美郷町の地域医療を る条 ,議員,O,,23 6 17,23 6 20,,23,6,2011.0,2011,宮崎県美郷町
162,沖縄県,石垣市,失閣 島開拓の日を める条 ,議員,O,,22 12 17,22 12 20,,22,12,2010.0,2010,沖縄県石垣市
163,沖縄県,石垣市,石垣市民防災の日を める条 ,議員,,O,23 4 22,23 4 22,,23,4,2011.0,2011,沖縄県石垣市
