"WnR[h","s{","ߎsSxUǓ","ߎsSxUǓiӂ肪ȁj","s撬","s撬iӂ肪ȁj","pu{sN","puL"
"13101","s","","","c","悾","1983-08-18","L"
"13102","s","","","","イ","",""
"13103","s","","","`","݂ȂƂ","1982-11-05","L"
"13104","s","","","Vh","񂶂キ","1983-08-18","L"
"13105","s","","","","Ԃ񂫂傤","",""
"13106","s","","","䓌","Ƃ","",""
"13107","s","","","nc","݂","",""
"13108","s","","","]","Ƃ","2019-11-26","L"
"13109","s","","","i","Ȃ킭","1982-11-05","L"
"13110","s","","","ڍ","߂낭","",""
"13111","s","","","c","","2019-11-26","L"
"13112","s","","","cJ","₭","",""
"13113","s","","","aJ","Ԃ₭","",""
"13114","s","","","","Ȃ̂","",""
"13115","s","","","","Ȃ݂","",""
"13116","s","","","L","Ƃ܂","",""
"13117","s","","","k","","1971-01-01","L"
"13118","s","","","r","炩킭","",""
"13119","s","","","","΂","1971-01-01","L"
"13120","s","","","n","˂܂","",""
"13121","s","","","","","",""
"13122","s","","","","","",""
"13123","s","","","]ː","ǂ킭","",""
